-130, -20, 0, 1398101
-130, -20, 1, 1398101
-130, -20, 2, 87381
-130, -19, 0, 1398101
-130, -19, 1, 1398101
-130, -19, 2, 87381
-130, -18, 0, 1398101
-130, -18, 1, 1398101
-130, -18, 2, 87381
-130, -17, 0, 1398101
-130, -17, 1, 1398101
-130, -17, 2, 87381
-130, -16, 0, 1398101
-130, -16, 1, 1398101
-130, -16, 2, 87381
-130, -15, 0, 1398101
-130, -15, 1, 1398101
-130, -15, 2, 87381
-130, -14, 0, 1398101
-130, -14, 1, 1398101
-130, -14, 2, 87381
-130, -13, 0, 1398101
-130, -13, 1, 1398101
-130, -13, 2, 87381
-130, -12, 0, 1398101
-130, -12, 1, 1398101
-130, -12, 2, 87381
-130, -11, 0, 1398101
-130, -11, 1, 1398101
-130, -11, 2, 87381
-130, -10, 0, 1398101
-130, -10, 1, 1398101
-130, -10, 2, 87381
-130, -9, 0, 1398101
-130, -9, 1, 1398101
-130, -9, 2, 87381
-130, -8, 0, 1398101
-130, -8, 1, 1398101
-130, -8, 2, 87381
-130, -7, 0, 1398101
-130, -7, 1, 1398101
-130, -7, 2, 87381
-130, -6, 0, 1398101
-130, -6, 1, 1398101
-130, -6, 2, 87381
-130, -5, 0, 1398101
-130, -5, 1, 1398101
-130, -5, 2, 87381
-130, -4, 0, 1398101
-130, -4, 1, 1398101
-130, -4, 2, 87381
-130, -3, 0, 1398101
-130, -3, 1, 1398101
-130, -3, 2, 87381
-129, -20, 0, 1398101
-129, -20, 1, 1398101
-129, -20, 2, 87381
-129, -19, 0, 1398101
-129, -19, 1, 1398101
-129, -19, 2, 87381
-129, -18, 0, 1398101
-129, -18, 1, 1398101
-129, -18, 2, 87381
-129, -17, 0, 1398101
-129, -17, 1, 1398101
-129, -17, 2, 87381
-129, -16, 0, 1398101
-129, -16, 1, 1398101
-129, -16, 2, 87381
-129, -15, 0, 1398101
-129, -15, 1, 1398101
-129, -15, 2, 87381
-129, -14, 0, 1398101
-129, -14, 1, 1398101
-129, -14, 2, 87381
-129, -13, 0, 1398101
-129, -13, 1, 1398101
-129, -13, 2, 87381
-129, -12, 0, 1398101
-129, -12, 1, 1398101
-129, -12, 2, 87381
-129, -11, 0, 1398101
-129, -11, 1, 1398101
-129, -11, 2, 87381
-129, -10, 0, 1398101
-129, -10, 1, 1398101
-129, -10, 2, 87381
-129, -9, 0, 1398101
-129, -9, 1, 1398101
-129, -9, 2, 87381
-129, -8, 0, 1398101
-129, -8, 1, 1398101
-129, -8, 2, 87381
-129, -7, 0, 1398101
-129, -7, 1, 1398101
-129, -7, 2, 87381
-129, -6, 0, 1398101
-129, -6, 1, 1398101
-129, -6, 2, 87381
-129, -5, 0, 1398101
-129, -5, 1, 1398101
-129, -5, 2, 87381
-129, -4, 0, 1398101
-129, -4, 1, 1398101
-129, -4, 2, 87381
-129, -3, 0, 1398101
-129, -3, 1, 1398101
-129, -3, 2, 87381
-128, -20, 0, 1398101
-128, -20, 1, 1398101
-128, -20, 2, 87381
-128, -19, 0, 1398101
-128, -19, 1, 1398101
-128, -19, 2, 87381
-128, -18, 0, 1398101
-128, -18, 1, 1398101
-128, -18, 2, 87381
-128, -17, 0, 1398101
-128, -17, 1, 1398101
-128, -17, 2, 87381
-128, -16, 0, 1398101
-128, -16, 1, 1398101
-128, -16, 2, 87381
-128, -15, 0, 1398101
-128, -15, 1, 1398101
-128, -15, 2, 87381
-128, -14, 0, 1398101
-128, -14, 1, 1398101
-128, -14, 2, 87381
-128, -13, 0, 1398101
-128, -13, 1, 1398101
-128, -13, 2, 87381
-128, -12, 0, 1398101
-128, -12, 1, 1398101
-128, -12, 2, 87381
-128, -11, 0, 1398101
-128, -11, 1, 1398101
-128, -11, 2, 87381
-128, -10, 0, 1398101
-128, -10, 1, 1398101
-128, -10, 2, 87381
-128, -9, 0, 1398101
-128, -9, 1, 1398101
-128, -9, 2, 87381
-128, -8, 0, 1398101
-128, -8, 1, 1398101
-128, -8, 2, 87381
-128, -7, 0, 1398101
-128, -7, 1, 1398101
-128, -7, 2, 87381
-128, -6, 0, 1398101
-128, -6, 1, 1398101
-128, -6, 2, 87381
-128, -5, 0, 1398101
-128, -5, 1, 1398101
-128, -5, 2, 87381
-128, -4, 0, 1398101
-128, -4, 1, 1398101
-128, -4, 2, 87381
-128, -3, 0, 1398101
-128, -3, 1, 1398101
-128, -3, 2, 87381
-127, -20, 0, 1398101
-127, -20, 1, 1398101
-127, -20, 2, 87381
-127, -19, 0, 1398101
-127, -19, 1, 1398101
-127, -19, 2, 87381
-127, -18, 0, 1398101
-127, -18, 1, 1398101
-127, -18, 2, 87381
-127, -17, 0, 1398101
-127, -17, 1, 1398101
-127, -17, 2, 87381
-127, -16, 0, 1398101
-127, -16, 1, 1398101
-127, -16, 2, 87381
-127, -15, 0, 1398101
-127, -15, 1, 1398101
-127, -15, 2, 87381
-127, -14, 0, 1398101
-127, -14, 1, 1398101
-127, -14, 2, 87381
-127, -13, 0, 1398101
-127, -13, 1, 1398101
-127, -13, 2, 87381
-127, -12, 0, 1398101
-127, -12, 1, 1398101
-127, -12, 2, 87381
-127, -11, 0, 1398101
-127, -11, 1, 1398101
-127, -11, 2, 87381
-127, -10, 0, 1398101
-127, -10, 1, 1398101
-127, -10, 2, 87381
-127, -9, 0, 1398101
-127, -9, 1, 1398101
-127, -9, 2, 87381
-127, -8, 0, 1398101
-127, -8, 1, 1398101
-127, -8, 2, 87381
-127, -7, 0, 1398101
-127, -7, 1, 1398101
-127, -7, 2, 87381
-127, -6, 0, 1398101
-127, -6, 1, 1398101
-127, -6, 2, 87381
-127, -5, 0, 1398101
-127, -5, 1, 1398101
-127, -5, 2, 87381
-127, -4, 0, 1398101
-127, -4, 1, 1398101
-127, -4, 2, 87381
-127, -3, 0, 1398101
-127, -3, 1, 1398101
-127, -3, 2, 87381
-126, -20, 0, 1398101
-126, -20, 1, 1398101
-126, -20, 2, 87381
-126, -19, 0, 1398101
-126, -19, 1, 1398101
-126, -19, 2, 87381
-126, -18, 0, 1398101
-126, -18, 1, 1398101
-126, -18, 2, 87381
-126, -17, 0, 1398101
-126, -17, 1, 1398101
-126, -17, 2, 87381
-126, -16, 0, 1398101
-126, -16, 1, 1398101
-126, -16, 2, 87381
-126, -15, 0, 1398101
-126, -15, 1, 1398101
-126, -15, 2, 87381
-126, -14, 0, 1398111
-126, -14, 1, 1398101
-126, -14, 2, 87381
-126, -13, 0, 1398101
-126, -13, 1, 1398101
-126, -13, 2, 87381
-126, -12, 0, 1398774
-126, -12, 1, 1398101
-126, -12, 2, 87381
-126, -11, 0, 1398101
-126, -11, 1, 1398101
-126, -11, 2, 87381
-126, -10, 0, 1398101
-126, -10, 1, 1398101
-126, -10, 2, 87381
-126, -9, 0, 1398101
-126, -9, 1, 1398101
-126, -9, 2, 87381
-126, -8, 0, 1398101
-126, -8, 1, 1398101
-126, -8, 2, 87381
-126, -7, 0, 1398101
-126, -7, 1, 1398101
-126, -7, 2, 87381
-126, -6, 0, 1398101
-126, -6, 1, 1398101
-126, -6, 2, 87381
-126, -5, 0, 1398101
-126, -5, 1, 1398101
-126, -5, 2, 87381
-126, -4, 0, 1398101
-126, -4, 1, 1398101
-126, -4, 2, 87381
-126, -3, 0, 1398101
-126, -3, 1, 1398101
-126, -3, 2, 87381
-125, -20, 0, 1398101
-125, -20, 1, 1398101
-125, -20, 2, 87381
-125, -19, 0, 1398101
-125, -19, 1, 1398101
-125, -19, 2, 87381
-125, -18, 0, 1398101
-125, -18, 1, 1398101
-125, -18, 2, 87381
-125, -17, 0, 1398101
-125, -17, 1, 1398101
-125, -17, 2, 87381
-125, -16, 0, 1398101
-125, -16, 1, 1398101
-125, -16, 2, 87381
-125, -15, 0, 1398101
-125, -15, 1, 1398101
-125, -15, 2, 87381
-125, -14, 0, 1398111
-125, -14, 1, 1398101
-125, -14, 2, 87381
-125, -13, 0, 4019536
-125, -13, 1, 1398101
-125, -13, 2, 87381
-125, -12, 0, 1398778
-125, -12, 1, 1398101
-125, -12, 2, 87381
-125, -11, 0, 1421269
-125, -11, 1, 1398101
-125, -11, 2, 87381
-125, -10, 0, 1398101
-125, -10, 1, 1398101
-125, -10, 2, 87381
-125, -9, 0, 1398101
-125, -9, 1, 1398101
-125, -9, 2, 87381
-125, -8, 0, 1398101
-125, -8, 1, 1398101
-125, -8, 2, 87381
-125, -7, 0, 1398101
-125, -7, 1, 1398101
-125, -7, 2, 87381
-125, -6, 0, 1398101
-125, -6, 1, 1398101
-125, -6, 2, 87381
-125, -5, 0, 1398101
-125, -5, 1, 1398101
-125, -5, 2, 87381
-125, -4, 0, 1398101
-125, -4, 1, 1398101
-125, -4, 2, 87381
-125, -3, 0, 1398101
-125, -3, 1, 1398101
-125, -3, 2, 87381
-124, -20, 0, 1398101
-124, -20, 1, 1398101
-124, -20, 2, 87381
-124, -19, 0, 1398101
-124, -19, 1, 1398101
-124, -19, 2, 87381
-124, -18, 0, 1398101
-124, -18, 1, 1398101
-124, -18, 2, 87381
-124, -17, 0, 1398101
-124, -17, 1, 1398101
-124, -17, 2, 87381
-124, -16, 0, 1398101
-124, -16, 1, 1398101
-124, -16, 2, 87381
-124, -15, 0, 1398101
-124, -15, 1, 1398101
-124, -15, 2, 87381
-124, -14, 0, 1398111
-124, -14, 1, 1398101
-124, -14, 2, 87381
-124, -13, 0, 4149312
-124, -13, 1, 1398101
-124, -13, 2, 87381
-124, -12, 0, 2785275
-124, -12, 1, 1398101
-124, -12, 2, 87381
-124, -11, 0, 2879455
-124, -11, 1, 1398101
-124, -11, 2, 87381
-124, -10, 0, 1398101
-124, -10, 1, 1398101
-124, -10, 2, 87381
-124, -9, 0, 1398101
-124, -9, 1, 1398101
-124, -9, 2, 87381
-124, -8, 0, 1398101
-124, -8, 1, 1398101
-124, -8, 2, 87381
-124, -7, 0, 1398101
-124, -7, 1, 1398101
-124, -7, 2, 87381
-124, -6, 0, 1398101
-124, -6, 1, 1398101
-124, -6, 2, 87381
-124, -5, 0, 1398101
-124, -5, 1, 1398101
-124, -5, 2, 87381
-124, -4, 0, 1398101
-124, -4, 1, 1398101
-124, -4, 2, 87381
-124, -3, 0, 1398101
-124, -3, 1, 1398101
-124, -3, 2, 87381
-123, -20, 0, 1398101
-123, -20, 1, 1398101
-123, -20, 2, 87381
-123, -19, 0, 1398101
-123, -19, 1, 1398101
-123, -19, 2, 87381
-123, -18, 0, 1398101
-123, -18, 1, 1398101
-123, -18, 2, 87381
-123, -17, 0, 1398101
-123, -17, 1, 1398101
-123, -17, 2, 87381
-123, -16, 0, 1398101
-123, -16, 1, 1398101
-123, -16, 2, 87381
-123, -15, 0, 1398101
-123, -15, 1, 1398101
-123, -15, 2, 87381
-123, -14, 0, 5470
-123, -14, 1, 1398101
-123, -14, 2, 87381
-123, -13, 0, 3932160
-123, -13, 1, 1398103
-123, -13, 2, 87381
-123, -12, 0, 2817707
-123, -12, 1, 1398101
-123, -12, 2, 87381
-123, -11, 0, 2883551
-123, -11, 1, 1398106
-123, -11, 2, 87381
-123, -10, 0, 1484117
-123, -10, 1, 1398101
-123, -10, 2, 87381
-123, -9, 0, 1398101
-123, -9, 1, 1398101
-123, -9, 2, 87381
-123, -8, 0, 1398101
-123, -8, 1, 1398101
-123, -8, 2, 87381
-123, -7, 0, 1398101
-123, -7, 1, 1398101
-123, -7, 2, 87381
-123, -6, 0, 1398101
-123, -6, 1, 1398101
-123, -6, 2, 87381
-123, -5, 0, 1398101
-123, -5, 1, 1398101
-123, -5, 2, 87381
-123, -4, 0, 1398101
-123, -4, 1, 1398101
-123, -4, 2, 87381
-123, -3, 0, 1398101
-123, -3, 1, 1398101
-123, -3, 2, 87381
-122, -20, 0, 1398101
-122, -20, 1, 1398101
-122, -20, 2, 87381
-122, -19, 0, 1398101
-122, -19, 1, 1398101
-122, -19, 2, 87381
-122, -18, 0, 1398101
-122, -18, 1, 1398101
-122, -18, 2, 87381
-122, -17, 0, 1398101
-122, -17, 1, 1398101
-122, -17, 2, 87381
-122, -16, 0, 1398101
-122, -16, 1, 1398101
-122, -16, 2, 87381
-122, -15, 0, 1398101
-122, -15, 1, 1398101
-122, -15, 2, 87381
-122, -14, 0, 5470
-122, -14, 1, 1398096
-122, -14, 2, 87381
-122, -13, 0, 786432
-122, -13, 1, 1398096
-122, -13, 2, 87381
-122, -12, 0, 2673712
-122, -12, 1, 1398111
-122, -12, 2, 87381
-122, -11, 0, 2818047
-122, -11, 1, 1398142
-122, -11, 2, 87381
-122, -10, 0, 2533717
-122, -10, 1, 1398102
-122, -10, 2, 87381
-122, -9, 0, 1398101
-122, -9, 1, 1398101
-122, -9, 2, 87381
-122, -8, 0, 1398101
-122, -8, 1, 1398101
-122, -8, 2, 87381
-122, -7, 0, 1398101
-122, -7, 1, 1398101
-122, -7, 2, 87381
-122, -6, 0, 1398101
-122, -6, 1, 1398101
-122, -6, 2, 87381
-122, -5, 0, 1398101
-122, -5, 1, 1398101
-122, -5, 2, 87381
-122, -4, 0, 1398101
-122, -4, 1, 1398101
-122, -4, 2, 87381
-122, -3, 0, 1398101
-122, -3, 1, 1398101
-122, -3, 2, 87381
-121, -20, 0, 1398101
-121, -20, 1, 1398101
-121, -20, 2, 87381
-121, -19, 0, 1398101
-121, -19, 1, 1398101
-121, -19, 2, 87381
-121, -18, 0, 1398101
-121, -18, 1, 1398101
-121, -18, 2, 87381
-121, -17, 0, 1398101
-121, -17, 1, 1398101
-121, -17, 2, 87381
-121, -16, 0, 1398101
-121, -16, 1, 1398101
-121, -16, 2, 87381
-121, -15, 0, 1398101
-121, -15, 1, 1398101
-121, -15, 2, 87381
-121, -14, 0, 1375
-121, -14, 1, 1398080
-121, -14, 2, 87381
-121, -13, 0, 16
-121, -13, 1, 1398080
-121, -13, 2, 87381
-121, -12, 0, 49200
-121, -12, 1, 1398140
-121, -12, 2, 87381
-121, -11, 0, 2818046
-121, -11, 1, 1398138
-121, -11, 2, 87381
-121, -10, 0, 2729306
-121, -10, 1, 1398118
-121, -10, 2, 87381
-121, -9, 0, 1398101
-121, -9, 1, 1398101
-121, -9, 2, 87381
-121, -8, 0, 1398101
-121, -8, 1, 1398101
-121, -8, 2, 87381
-121, -7, 0, 1398101
-121, -7, 1, 1398101
-121, -7, 2, 87381
-121, -6, 0, 1398101
-121, -6, 1, 1398101
-121, -6, 2, 87381
-121, -5, 0, 1398101
-121, -5, 1, 1398101
-121, -5, 2, 87381
-121, -4, 0, 1398101
-121, -4, 1, 1398101
-121, -4, 2, 87381
-121, -3, 0, 1398101
-121, -3, 1, 1398101
-121, -3, 2, 87381
-120, -20, 0, 1398101
-120, -20, 1, 1398101
-120, -20, 2, 87381
-120, -19, 0, 1398101
-120, -19, 1, 1398101
-120, -19, 2, 87381
-120, -18, 0, 1398101
-120, -18, 1, 1398101
-120, -18, 2, 87381
-120, -17, 0, 1398101
-120, -17, 1, 1398101
-120, -17, 2, 87381
-120, -16, 0, 1398101
-120, -16, 1, 1398101
-120, -16, 2, 87381
-120, -15, 0, 1398100
-120, -15, 1, 1398101
-120, -15, 2, 87381
-120, -14, 0, 1375
-120, -14, 1, 1398080
-120, -14, 2, 87381
-120, -13, 0, 84
-120, -13, 1, 1398080
-120, -13, 2, 87381
-120, -12, 0, 49163
-120, -12, 1, 1398780
-120, -12, 2, 87381
-120, -11, 0, 3145726
-120, -11, 1, 1398138
-120, -11, 2, 87381
-120, -10, 0, 2708842
-120, -10, 1, 1398186
-120, -10, 2, 87381
-120, -9, 0, 1398101
-120, -9, 1, 1398101
-120, -9, 2, 87381
-120, -8, 0, 1398101
-120, -8, 1, 1398101
-120, -8, 2, 87381
-120, -7, 0, 1398101
-120, -7, 1, 1398101
-120, -7, 2, 87381
-120, -6, 0, 1398101
-120, -6, 1, 1398101
-120, -6, 2, 87381
-120, -5, 0, 1398101
-120, -5, 1, 1398101
-120, -5, 2, 87381
-120, -4, 0, 1398101
-120, -4, 1, 1398101
-120, -4, 2, 87381
-120, -3, 0, 1398101
-120, -3, 1, 1398101
-120, -3, 2, 87381
-119, -20, 0, 1398101
-119, -20, 1, 1398101
-119, -20, 2, 87381
-119, -19, 0, 1398101
-119, -19, 1, 1398101
-119, -19, 2, 87381
-119, -18, 0, 1398101
-119, -18, 1, 1398101
-119, -18, 2, 87381
-119, -17, 0, 1398101
-119, -17, 1, 1398101
-119, -17, 2, 87381
-119, -16, 0, 1398101
-119, -16, 1, 1398101
-119, -16, 2, 87381
-119, -15, 0, 1398096
-119, -15, 1, 1398101
-119, -15, 2, 87381
-119, -14, 0, 1375
-119, -14, 1, 1398080
-119, -14, 2, 87381
-119, -13, 0, 1407
-119, -13, 1, 1397760
-119, -13, 2, 87381
-119, -12, 0, 786443
-119, -12, 1, 1400816
-119, -12, 2, 87381
-119, -11, 0, 4192254
-119, -11, 1, 1399546
-119, -11, 2, 87381
-119, -10, 0, 2794842
-119, -10, 1, 1398186
-119, -10, 2, 87381
-119, -9, 0, 1398101
-119, -9, 1, 1398101
-119, -9, 2, 87381
-119, -8, 0, 1398101
-119, -8, 1, 1398101
-119, -8, 2, 87381
-119, -7, 0, 1398101
-119, -7, 1, 1398101
-119, -7, 2, 87381
-119, -6, 0, 1398101
-119, -6, 1, 1398101
-119, -6, 2, 87381
-119, -5, 0, 1398101
-119, -5, 1, 1398101
-119, -5, 2, 87381
-119, -4, 0, 1398101
-119, -4, 1, 1398101
-119, -4, 2, 87381
-119, -3, 0, 1398101
-119, -3, 1, 1398101
-119, -3, 2, 87381
-118, -20, 0, 1398101
-118, -20, 1, 1398101
-118, -20, 2, 87381
-118, -19, 0, 1398101
-118, -19, 1, 1398101
-118, -19, 2, 87381
-118, -18, 0, 1398101
-118, -18, 1, 1398101
-118, -18, 2, 87381
-118, -17, 0, 1398101
-118, -17, 1, 1398101
-118, -17, 2, 87381
-118, -16, 0, 1398101
-118, -16, 1, 1398101
-118, -16, 2, 87381
-118, -15, 0, 1398080
-118, -15, 1, 1398101
-118, -15, 2, 87381
-118, -14, 0, 5500
-118, -14, 1, 1398080
-118, -14, 2, 87381
-118, -13, 0, 1535
-118, -13, 1, 1396736
-118, -13, 2, 87381
-118, -12, 0, 4173865
-118, -12, 1, 1409008
-118, -12, 2, 87381
-118, -11, 0, 4194301
-118, -11, 1, 1403646
-118, -11, 2, 87381
-118, -10, 0, 2796197
-118, -10, 1, 1399466
-118, -10, 2, 87381
-118, -9, 0, 1398101
-118, -9, 1, 1398101
-118, -9, 2, 87381
-118, -8, 0, 1398101
-118, -8, 1, 1398101
-118, -8, 2, 87381
-118, -7, 0, 1398101
-118, -7, 1, 1398101
-118, -7, 2, 87381
-118, -6, 0, 1398101
-118, -6, 1, 1398101
-118, -6, 2, 87381
-118, -5, 0, 1398101
-118, -5, 1, 1398101
-118, -5, 2, 87381
-118, -4, 0, 1398101
-118, -4, 1, 1398101
-118, -4, 2, 87381
-118, -3, 0, 1398101
-118, -3, 1, 1398101
-118, -3, 2, 87381
-117, -20, 0, 1398101
-117, -20, 1, 1398101
-117, -20, 2, 87381
-117, -19, 0, 1398101
-117, -19, 1, 1398101
-117, -19, 2, 87381
-117, -18, 0, 1398101
-117, -18, 1, 1398101
-117, -18, 2, 87381
-117, -17, 0, 1398101
-117, -17, 1, 1398101
-117, -17, 2, 87381
-117, -16, 0, 1398101
-117, -16, 1, 1398101
-117, -16, 2, 87381
-117, -15, 0, 1398080
-117, -15, 1, 1398101
-117, -15, 2, 87381
-117, -14, 0, 5500
-117, -14, 1, 1398096
-117, -14, 2, 87381
-117, -13, 0, 3147262
-117, -13, 1, 1392688
-117, -13, 2, 87381
-117, -12, 0, 176169
-117, -12, 1, 1409008
-117, -12, 2, 87381
-117, -11, 0, 4194293
-117, -11, 1, 1403646
-117, -11, 2, 87381
-117, -10, 0, 2796197
-117, -10, 1, 1403562
-117, -10, 2, 87381
-117, -9, 0, 1398101
-117, -9, 1, 1398101
-117, -9, 2, 87381
-117, -8, 0, 1398101
-117, -8, 1, 1398101
-117, -8, 2, 87381
-117, -7, 0, 1398101
-117, -7, 1, 1398101
-117, -7, 2, 87381
-117, -6, 0, 1398101
-117, -6, 1, 1398101
-117, -6, 2, 87381
-117, -5, 0, 1398101
-117, -5, 1, 1398101
-117, -5, 2, 87381
-117, -4, 0, 1398101
-117, -4, 1, 1398101
-117, -4, 2, 87381
-117, -3, 0, 1398101
-117, -3, 1, 1398101
-117, -3, 2, 87381
-116, -20, 0, 1398101
-116, -20, 1, 1398101
-116, -20, 2, 87381
-116, -19, 0, 1398101
-116, -19, 1, 1398101
-116, -19, 2, 87381
-116, -18, 0, 1398101
-116, -18, 1, 1398101
-116, -18, 2, 87381
-116, -17, 0, 1398101
-116, -17, 1, 1398101
-116, -17, 2, 87381
-116, -16, 0, 1398101
-116, -16, 1, 1398101
-116, -16, 2, 87381
-116, -15, 0, 1398080
-116, -15, 1, 1398101
-116, -15, 2, 87381
-116, -14, 0, 21840
-116, -14, 1, 1398101
-116, -14, 2, 87381
-116, -13, 0, 1406
-116, -13, 1, 1376304
-116, -13, 2, 87381
-116, -12, 0, 131114
-116, -12, 1, 1437744
-116, -12, 2, 87381
-116, -11, 0, 4194293
-116, -11, 1, 1485567
-116, -11, 2, 87381
-116, -10, 0, 2795925
-116, -10, 1, 1419946
-116, -10, 2, 87381
-116, -9, 0, 1403221
-116, -9, 1, 1398101
-116, -9, 2, 87381
-116, -8, 0, 1398101
-116, -8, 1, 1398101
-116, -8, 2, 87381
-116, -7, 0, 1398101
-116, -7, 1, 1398101
-116, -7, 2, 87381
-116, -6, 0, 1398101
-116, -6, 1, 1398101
-116, -6, 2, 87381
-116, -5, 0, 1398101
-116, -5, 1, 1398101
-116, -5, 2, 87381
-116, -4, 0, 1398101
-116, -4, 1, 1398101
-116, -4, 2, 87381
-116, -3, 0, 1398101
-116, -3, 1, 1398101
-116, -3, 2, 87381
-115, -20, 0, 1398101
-115, -20, 1, 1398101
-115, -20, 2, 87381
-115, -19, 0, 1398101
-115, -19, 1, 1398101
-115, -19, 2, 87381
-115, -18, 0, 1398101
-115, -18, 1, 1398101
-115, -18, 2, 87381
-115, -17, 0, 1398101
-115, -17, 1, 1398101
-115, -17, 2, 87381
-115, -16, 0, 1398101
-115, -16, 1, 1398101
-115, -16, 2, 87381
-115, -15, 0, 1398080
-115, -15, 1, 1398101
-115, -15, 2, 87381
-115, -14, 0, 21952
-115, -14, 1, 1398101
-115, -14, 2, 87381
-115, -13, 0, 1036
-115, -13, 1, 1310720
-115, -13, 2, 87381
-115, -12, 0, 42
-115, -12, 1, 1323008
-115, -12, 2, 87381
-115, -11, 0, 4194261
-115, -11, 1, 1551088
-115, -11, 2, 87381
-115, -10, 0, 2795861
-115, -10, 1, 1485482
-115, -10, 2, 87381
-115, -9, 0, 1747285
-115, -9, 1, 1398101
-115, -9, 2, 87381
-115, -8, 0, 1398101
-115, -8, 1, 1398101
-115, -8, 2, 87381
-115, -7, 0, 1398101
-115, -7, 1, 1398101
-115, -7, 2, 87381
-115, -6, 0, 1398101
-115, -6, 1, 1398101
-115, -6, 2, 87381
-115, -5, 0, 1398101
-115, -5, 1, 1398101
-115, -5, 2, 87381
-115, -4, 0, 1398101
-115, -4, 1, 1398101
-115, -4, 2, 87381
-115, -3, 0, 1398101
-115, -3, 1, 1398101
-115, -3, 2, 87381
-114, -20, 0, 1398101
-114, -20, 1, 1398101
-114, -20, 2, 87381
-114, -19, 0, 1398101
-114, -19, 1, 1398101
-114, -19, 2, 87381
-114, -18, 0, 1398101
-114, -18, 1, 1398101
-114, -18, 2, 87381
-114, -17, 0, 1398101
-114, -17, 1, 1398101
-114, -17, 2, 87381
-114, -16, 0, 1398101
-114, -16, 1, 1398101
-114, -16, 2, 87381
-114, -15, 0, 1398080
-114, -15, 1, 1398101
-114, -15, 2, 87381
-114, -14, 0, 21504
-114, -14, 1, 1398101
-114, -14, 2, 87381
-114, -13, 0, 1314831
-114, -13, 1, 1310720
-114, -13, 2, 87381
-114, -12, 0, 16297
-114, -12, 1, 1323008
-114, -12, 2, 87381
-114, -11, 0, 262057
-114, -11, 1, 2091968
-114, -11, 2, 87381
-114, -10, 0, 2873173
-114, -10, 1, 1485482
-114, -10, 2, 87381
-114, -9, 0, 1747285
-114, -9, 1, 1398101
-114, -9, 2, 87381
-114, -8, 0, 1398101
-114, -8, 1, 1398101
-114, -8, 2, 87381
-114, -7, 0, 1398101
-114, -7, 1, 1398101
-114, -7, 2, 87381
-114, -6, 0, 1398101
-114, -6, 1, 1398101
-114, -6, 2, 87381
-114, -5, 0, 1398101
-114, -5, 1, 1398101
-114, -5, 2, 87381
-114, -4, 0, 1398101
-114, -4, 1, 1398101
-114, -4, 2, 87381
-114, -3, 0, 1398101
-114, -3, 1, 1398101
-114, -3, 2, 87381
-113, -20, 0, 1398101
-113, -20, 1, 1398101
-113, -20, 2, 87381
-113, -19, 0, 1398101
-113, -19, 1, 1398101
-113, -19, 2, 87381
-113, -18, 0, 1398101
-113, -18, 1, 1398101
-113, -18, 2, 87381
-113, -17, 0, 1398101
-113, -17, 1, 1398101
-113, -17, 2, 87381
-113, -16, 0, 1398101
-113, -16, 1, 1398101
-113, -16, 2, 87381
-113, -15, 0, 1397760
-113, -15, 1, 1398101
-113, -15, 2, 87381
-113, -14, 0, 17408
-113, -14, 1, 1398101
-113, -14, 2, 87381
-113, -13, 0, 1396748
-113, -13, 1, 1310721
-113, -13, 2, 87381
-113, -12, 0, 16298
-113, -12, 1, 1048579
-113, -12, 2, 87381
-113, -11, 0, 65193
-113, -11, 1, 3145664
-113, -11, 2, 87381
-113, -10, 0, 4184405
-113, -10, 1, 2796202
-113, -10, 2, 87381
-113, -9, 0, 1746261
-113, -9, 1, 1398101
-113, -9, 2, 87381
-113, -8, 0, 1398101
-113, -8, 1, 1398101
-113, -8, 2, 87381
-113, -7, 0, 1398101
-113, -7, 1, 1398101
-113, -7, 2, 87381
-113, -6, 0, 1398101
-113, -6, 1, 1398101
-113, -6, 2, 87381
-113, -5, 0, 1398101
-113, -5, 1, 1398101
-113, -5, 2, 87381
-113, -4, 0, 1398101
-113, -4, 1, 1398101
-113, -4, 2, 87381
-113, -3, 0, 1398101
-113, -3, 1, 1398101
-113, -3, 2, 87381
-112, -20, 0, 1398101
-112, -20, 1, 1398101
-112, -20, 2, 87381
-112, -19, 0, 1398101
-112, -19, 1, 1398101
-112, -19, 2, 87381
-112, -18, 0, 1398101
-112, -18, 1, 1398101
-112, -18, 2, 87381
-112, -17, 0, 1398101
-112, -17, 1, 1398101
-112, -17, 2, 87381
-112, -16, 0, 1398101
-112, -16, 1, 1398101
-112, -16, 2, 87381
-112, -15, 0, 1398080
-112, -15, 1, 1398101
-112, -15, 2, 87381
-112, -14, 0, 1528832
-112, -14, 1, 1397765
-112, -14, 2, 87381
-112, -13, 0, 4014095
-112, -13, 1, 1310720
-112, -13, 2, 87381
-112, -12, 0, 16042
-112, -12, 1, 3
-112, -12, 2, 87381
-112, -11, 0, 260777
-112, -11, 1, 3145712
-112, -11, 2, 87381
-112, -10, 0, 4191573
-112, -10, 1, 2796201
-112, -10, 2, 87382
-112, -9, 0, 2790741
-112, -9, 1, 1398101
-112, -9, 2, 87381
-112, -8, 0, 1398101
-112, -8, 1, 1398101
-112, -8, 2, 87381
-112, -7, 0, 1398101
-112, -7, 1, 1398101
-112, -7, 2, 87381
-112, -6, 0, 1398101
-112, -6, 1, 1398101
-112, -6, 2, 87381
-112, -5, 0, 1398101
-112, -5, 1, 1398101
-112, -5, 2, 87381
-112, -4, 0, 1398101
-112, -4, 1, 1398101
-112, -4, 2, 87381
-112, -3, 0, 1398101
-112, -3, 1, 1398101
-112, -3, 2, 87381
-111, -20, 0, 1398101
-111, -20, 1, 1398101
-111, -20, 2, 87381
-111, -19, 0, 1398101
-111, -19, 1, 1398101
-111, -19, 2, 87381
-111, -18, 0, 1398101
-111, -18, 1, 1398101
-111, -18, 2, 87381
-111, -17, 0, 1398101
-111, -17, 1, 1398101
-111, -17, 2, 87381
-111, -16, 0, 1332564
-111, -16, 1, 1398101
-111, -16, 2, 87381
-111, -15, 0, 1398016
-111, -15, 1, 1398101
-111, -15, 2, 87381
-111, -14, 0, 3496960
-111, -14, 1, 1396737
-111, -14, 2, 87381
-111, -13, 0, 3981504
-111, -13, 1, 1311936
-111, -13, 2, 87381
-111, -12, 0, 65192
-111, -12, 1, 0
-111, -12, 2, 87380
-111, -11, 0, 13273
-111, -11, 1, 3145520
-111, -11, 2, 87382
-111, -10, 0, 4184405
-111, -10, 1, 2796203
-111, -10, 2, 87382
-111, -9, 0, 1676629
-111, -9, 1, 1398102
-111, -9, 2, 87381
-111, -8, 0, 2446677
-111, -8, 1, 1398106
-111, -8, 2, 87381
-111, -7, 0, 1398101
-111, -7, 1, 1398101
-111, -7, 2, 87381
-111, -6, 0, 1398101
-111, -6, 1, 1398101
-111, -6, 2, 87381
-111, -5, 0, 1398101
-111, -5, 1, 1398101
-111, -5, 2, 87381
-111, -4, 0, 1398101
-111, -4, 1, 1398101
-111, -4, 2, 87381
-111, -3, 0, 1398101
-111, -3, 1, 1398101
-111, -3, 2, 87381
-110, -20, 0, 1398101
-110, -20, 1, 1398101
-110, -20, 2, 87381
-110, -19, 0, 1398101
-110, -19, 1, 1398101
-110, -19, 2, 87381
-110, -18, 0, 1398101
-110, -18, 1, 1398101
-110, -18, 2, 87381
-110, -17, 0, 1398101
-110, -17, 1, 1398101
-110, -17, 2, 87381
-110, -16, 0, 1397840
-110, -16, 1, 1398101
-110, -16, 2, 87381
-110, -15, 0, 1398096
-110, -15, 1, 1398101
-110, -15, 2, 87381
-110, -14, 0, 1965836
-110, -14, 1, 1396736
-110, -14, 2, 87381
-110, -13, 0, 4178112
-110, -13, 1, 1398768
-110, -13, 2, 87381
-110, -12, 0, 240298
-110, -12, 1, 0
-110, -12, 2, 87376
-110, -11, 0, 13290
-110, -11, 1, 3144704
-110, -11, 2, 87382
-110, -10, 0, 4053333
-110, -10, 1, 2796203
-110, -10, 2, 87386
-110, -9, 0, 2446677
-110, -9, 1, 1398102
-110, -9, 2, 87381
-110, -8, 0, 1660245
-110, -8, 1, 1398105
-110, -8, 2, 87381
-110, -7, 0, 1398101
-110, -7, 1, 1398101
-110, -7, 2, 87381
-110, -6, 0, 1398101
-110, -6, 1, 1398101
-110, -6, 2, 87381
-110, -5, 0, 1398101
-110, -5, 1, 1398101
-110, -5, 2, 87381
-110, -4, 0, 1398101
-110, -4, 1, 1398101
-110, -4, 2, 87381
-110, -3, 0, 1398101
-110, -3, 1, 1398101
-110, -3, 2, 87381
-109, -20, 0, 1398101
-109, -20, 1, 1398101
-109, -20, 2, 87381
-109, -19, 0, 1398101
-109, -19, 1, 1398101
-109, -19, 2, 87381
-109, -18, 0, 1398101
-109, -18, 1, 1398101
-109, -18, 2, 87381
-109, -17, 0, 1398101
-109, -17, 1, 1398101
-109, -17, 2, 87381
-109, -16, 0, 1398096
-109, -16, 1, 1398101
-109, -16, 2, 87381
-109, -15, 0, 1380352
-109, -15, 1, 1398101
-109, -15, 2, 87381
-109, -14, 0, 1569788
-109, -14, 1, 1396736
-109, -14, 2, 87381
-109, -13, 0, 4178124
-109, -13, 1, 1441776
-109, -13, 2, 87381
-109, -12, 0, 699050
-109, -12, 1, 2
-109, -12, 2, 87360
-109, -11, 0, 146410
-109, -11, 1, 3207170
-109, -11, 2, 87360
-109, -10, 0, 4027733
-109, -10, 1, 2796223
-109, -10, 2, 87402
-109, -9, 0, 1398101
-109, -9, 1, 1398102
-109, -9, 2, 87381
-109, -8, 0, 1398101
-109, -8, 1, 1398105
-109, -8, 2, 87381
-109, -7, 0, 1398101
-109, -7, 1, 1398101
-109, -7, 2, 87381
-109, -6, 0, 1398101
-109, -6, 1, 1398101
-109, -6, 2, 87381
-109, -5, 0, 1398101
-109, -5, 1, 1398101
-109, -5, 2, 87381
-109, -4, 0, 1398101
-109, -4, 1, 1398101
-109, -4, 2, 87381
-109, -3, 0, 1398101
-109, -3, 1, 1398101
-109, -3, 2, 87381
-108, -20, 0, 1398101
-108, -20, 1, 1398101
-108, -20, 2, 87381
-108, -19, 0, 1398101
-108, -19, 1, 1398101
-108, -19, 2, 87381
-108, -18, 0, 1398101
-108, -18, 1, 1398101
-108, -18, 2, 87381
-108, -17, 0, 1398101
-108, -17, 1, 1398101
-108, -17, 2, 87381
-108, -16, 0, 1398064
-108, -16, 1, 1398101
-108, -16, 2, 87381
-108, -15, 0, 1380352
-108, -15, 1, 1398101
-108, -15, 2, 87381
-108, -14, 0, 1331004
-108, -14, 1, 1396736
-108, -14, 2, 87381
-108, -13, 0, 4178172
-108, -13, 1, 1572848
-108, -13, 2, 87381
-108, -12, 0, 2788010
-108, -12, 1, 0
-108, -12, 2, 87296
-108, -11, 0, 703466
-108, -11, 1, 3194880
-108, -11, 2, 87296
-108, -10, 0, 4191589
-108, -10, 1, 2797503
-108, -10, 2, 87722
-108, -9, 0, 2708821
-108, -9, 1, 1725782
-108, -9, 2, 87381
-108, -8, 0, 1660245
-108, -8, 1, 1398101
-108, -8, 2, 87381
-108, -7, 0, 1398101
-108, -7, 1, 1398101
-108, -7, 2, 87381
-108, -6, 0, 1398101
-108, -6, 1, 1398101
-108, -6, 2, 87381
-108, -5, 0, 1398101
-108, -5, 1, 1398101
-108, -5, 2, 87381
-108, -4, 0, 1398101
-108, -4, 1, 1398101
-108, -4, 2, 87381
-108, -3, 0, 1398101
-108, -3, 1, 1398101
-108, -3, 2, 87381
-107, -20, 0, 1398101
-107, -20, 1, 1398101
-107, -20, 2, 87381
-107, -19, 0, 1398101
-107, -19, 1, 1398101
-107, -19, 2, 87381
-107, -18, 0, 1398101
-107, -18, 1, 1398101
-107, -18, 2, 87381
-107, -17, 0, 1398101
-107, -17, 1, 1398101
-107, -17, 2, 87381
-107, -16, 0, 1398101
-107, -16, 1, 1398101
-107, -16, 2, 87381
-107, -15, 0, 1396736
-107, -15, 1, 1398101
-107, -15, 2, 87381
-107, -14, 0, 1317948
-107, -14, 1, 1376257
-107, -14, 2, 87381
-107, -13, 0, 4178172
-107, -13, 1, 1572861
-107, -13, 2, 87381
-107, -12, 0, 699050
-107, -12, 1, 15
-107, -12, 2, 87040
-107, -11, 0, 2817706
-107, -11, 1, 0
-107, -11, 2, 87040
-107, -10, 0, 4052309
-107, -10, 1, 2797503
-107, -10, 2, 87722
-107, -9, 0, 2446677
-107, -9, 1, 2774358
-107, -9, 2, 87401
-107, -8, 0, 1398101
-107, -8, 1, 1398101
-107, -8, 2, 87381
-107, -7, 0, 1398101
-107, -7, 1, 1398101
-107, -7, 2, 87381
-107, -6, 0, 1398101
-107, -6, 1, 1398101
-107, -6, 2, 87381
-107, -5, 0, 1398101
-107, -5, 1, 1398101
-107, -5, 2, 87381
-107, -4, 0, 1398101
-107, -4, 1, 1398101
-107, -4, 2, 87381
-107, -3, 0, 1398101
-107, -3, 1, 1398101
-107, -3, 2, 87381
-106, -20, 0, 1398101
-106, -20, 1, 1398101
-106, -20, 2, 87381
-106, -19, 0, 1398101
-106, -19, 1, 1398101
-106, -19, 2, 87381
-106, -18, 0, 1398101
-106, -18, 1, 1398101
-106, -18, 2, 87381
-106, -17, 0, 1398101
-106, -17, 1, 1398101
-106, -17, 2, 87381
-106, -16, 0, 1398103
-106, -16, 1, 1398101
-106, -16, 2, 87381
-106, -15, 0, 1314828
-106, -15, 1, 1398097
-106, -15, 2, 87381
-106, -14, 0, 81724
-106, -14, 1, 1376337
-106, -14, 2, 87381
-106, -13, 0, 836604
-106, -13, 1, 1572861
-106, -13, 2, 87381
-106, -12, 0, 2132650
-106, -12, 1, 15
-106, -12, 2, 86016
-106, -11, 0, 982698
-106, -11, 1, 196608
-106, -11, 2, 86016
-106, -10, 0, 4184405
-106, -10, 1, 4106943
-106, -10, 2, 88746
-106, -9, 0, 2446677
-106, -9, 1, 2774358
-106, -9, 2, 87722
-106, -8, 0, 1398101
-106, -8, 1, 1398101
-106, -8, 2, 87381
-106, -7, 0, 1398101
-106, -7, 1, 1398101
-106, -7, 2, 87381
-106, -6, 0, 1398101
-106, -6, 1, 1398101
-106, -6, 2, 87381
-106, -5, 0, 1398101
-106, -5, 1, 1398101
-106, -5, 2, 87381
-106, -4, 0, 1398101
-106, -4, 1, 1398101
-106, -4, 2, 87381
-106, -3, 0, 1398101
-106, -3, 1, 1398101
-106, -3, 2, 87381
-105, -20, 0, 1398101
-105, -20, 1, 1398101
-105, -20, 2, 87381
-105, -19, 0, 1398101
-105, -19, 1, 1398101
-105, -19, 2, 87381
-105, -18, 0, 1398101
-105, -18, 1, 1398101
-105, -18, 2, 87381
-105, -17, 0, 1398101
-105, -17, 1, 1398101
-105, -17, 2, 87381
-105, -16, 0, 1398101
-105, -16, 1, 1398101
-105, -16, 2, 87381
-105, -15, 0, 1400319
-105, -15, 1, 1398101
-105, -15, 2, 87381
-105, -14, 0, 98300
-105, -14, 1, 1310741
-105, -14, 2, 87381
-105, -13, 0, 50172
-105, -13, 1, 4193777
-105, -13, 2, 87381
-105, -12, 0, 699050
-105, -12, 1, 3
-105, -12, 2, 81920
-105, -11, 0, 588458
-105, -11, 1, 197392
-105, -11, 2, 86064
-105, -10, 0, 4183381
-105, -10, 1, 4106927
-105, -10, 2, 88751
-105, -9, 0, 2708821
-105, -9, 1, 2774362
-105, -9, 2, 87722
-105, -8, 0, 1398101
-105, -8, 1, 1398101
-105, -8, 2, 87381
-105, -7, 0, 1398101
-105, -7, 1, 1398101
-105, -7, 2, 87381
-105, -6, 0, 1398101
-105, -6, 1, 1398101
-105, -6, 2, 87381
-105, -5, 0, 1398101
-105, -5, 1, 1398101
-105, -5, 2, 87381
-105, -4, 0, 1398101
-105, -4, 1, 1398101
-105, -4, 2, 87381
-105, -3, 0, 1398101
-105, -3, 1, 1398101
-105, -3, 2, 87381
-104, -20, 0, 1398101
-104, -20, 1, 1398101
-104, -20, 2, 87381
-104, -19, 0, 1398101
-104, -19, 1, 1398101
-104, -19, 2, 87381
-104, -18, 0, 1398101
-104, -18, 1, 1398101
-104, -18, 2, 87381
-104, -17, 0, 1398101
-104, -17, 1, 1398101
-104, -17, 2, 87381
-104, -16, 0, 1398037
-104, -16, 1, 1398101
-104, -16, 2, 87381
-104, -15, 0, 1136069
-104, -15, 1, 1398100
-104, -15, 2, 87381
-104, -14, 0, 1112060
-104, -14, 1, 324
-104, -14, 2, 87380
-104, -13, 0, 687020
-104, -13, 1, 4193536
-104, -13, 2, 87383
-104, -12, 0, 3754
-104, -12, 1, 3
-104, -12, 2, 81920
-104, -11, 0, 64170
-104, -11, 1, 4132858
-104, -11, 2, 86064
-104, -10, 0, 3773781
-104, -10, 1, 2792107
-104, -10, 2, 92863
-104, -9, 0, 2446677
-104, -9, 1, 2713945
-104, -9, 2, 87722
-104, -8, 0, 1398101
-104, -8, 1, 1403221
-104, -8, 2, 87381
-104, -7, 0, 1398101
-104, -7, 1, 1398101
-104, -7, 2, 87381
-104, -6, 0, 1398101
-104, -6, 1, 1398101
-104, -6, 2, 87381
-104, -5, 0, 1398101
-104, -5, 1, 1398101
-104, -5, 2, 87381
-104, -4, 0, 1398101
-104, -4, 1, 1398101
-104, -4, 2, 87381
-104, -3, 0, 1398101
-104, -3, 1, 1398101
-104, -3, 2, 87381
-103, -20, 0, 1398101
-103, -20, 1, 1398101
-103, -20, 2, 87381
-103, -19, 0, 1398101
-103, -19, 1, 1398101
-103, -19, 2, 87381
-103, -18, 0, 1398101
-103, -18, 1, 1398101
-103, -18, 2, 87381
-103, -17, 0, 1398101
-103, -17, 1, 1398101
-103, -17, 2, 87381
-103, -16, 0, 1398101
-103, -16, 1, 1398101
-103, -16, 2, 87381
-103, -15, 0, 1398101
-103, -15, 1, 1398101
-103, -15, 2, 87381
-103, -14, 0, 90103
-103, -14, 1, 325
-103, -14, 2, 87376
-103, -13, 0, 35020
-103, -13, 1, 4193601
-103, -13, 2, 87383
-103, -12, 0, 11946
-103, -12, 1, 0
-103, -12, 2, 65536
-103, -11, 0, 3208874
-103, -11, 1, 4132815
-103, -11, 2, 94211
-103, -10, 0, 3839381
-103, -10, 1, 1834671
-103, -10, 2, 93182
-103, -9, 0, 2463061
-103, -9, 1, 2468442
-103, -9, 2, 87466
-103, -8, 0, 1402453
-103, -8, 1, 1419861
-103, -8, 2, 87381
-103, -7, 0, 1398101
-103, -7, 1, 1398101
-103, -7, 2, 87381
-103, -6, 0, 1398101
-103, -6, 1, 1398101
-103, -6, 2, 87381
-103, -5, 0, 1398101
-103, -5, 1, 1398101
-103, -5, 2, 87381
-103, -4, 0, 1398101
-103, -4, 1, 1398101
-103, -4, 2, 87381
-103, -3, 0, 1398101
-103, -3, 1, 1398101
-103, -3, 2, 87381
-102, -20, 0, 1398101
-102, -20, 1, 1398101
-102, -20, 2, 87381
-102, -19, 0, 1398101
-102, -19, 1, 1398101
-102, -19, 2, 87381
-102, -18, 0, 1398101
-102, -18, 1, 1398101
-102, -18, 2, 87381
-102, -17, 0, 1398101
-102, -17, 1, 1398101
-102, -17, 2, 87381
-102, -16, 0, 1398101
-102, -16, 1, 1398101
-102, -16, 2, 87381
-102, -15, 0, 1400149
-102, -15, 1, 1398101
-102, -15, 2, 87381
-102, -14, 0, 7644
-102, -14, 1, 1024
-102, -14, 2, 87376
-102, -13, 0, 1060784
-102, -13, 1, 4193617
-102, -13, 2, 87383
-102, -12, 0, 2908
-102, -12, 1, 0
-102, -12, 2, 0
-102, -11, 0, 3339928
-102, -11, 1, 196611
-102, -11, 2, 81923
-102, -10, 0, 3888789
-102, -10, 1, 3145391
-102, -10, 2, 110586
-102, -9, 0, 1484117
-102, -9, 1, 1419941
-102, -9, 2, 88746
-102, -8, 0, 1403221
-102, -8, 1, 1418581
-102, -8, 2, 87381
-102, -7, 0, 1398101
-102, -7, 1, 1398101
-102, -7, 2, 87381
-102, -6, 0, 1398101
-102, -6, 1, 1398101
-102, -6, 2, 87381
-102, -5, 0, 1398101
-102, -5, 1, 1398101
-102, -5, 2, 87381
-102, -4, 0, 1398101
-102, -4, 1, 1398101
-102, -4, 2, 87381
-102, -3, 0, 1398101
-102, -3, 1, 1398101
-102, -3, 2, 87381
-101, -20, 0, 1398101
-101, -20, 1, 1398101
-101, -20, 2, 87381
-101, -19, 0, 1398101
-101, -19, 1, 1398101
-101, -19, 2, 87381
-101, -18, 0, 1398101
-101, -18, 1, 1398101
-101, -18, 2, 87381
-101, -17, 0, 1398101
-101, -17, 1, 1398101
-101, -17, 2, 87381
-101, -16, 0, 1398101
-101, -16, 1, 1398101
-101, -16, 2, 87381
-101, -15, 0, 1400149
-101, -15, 1, 1398096
-101, -15, 2, 87381
-101, -14, 0, 97749
-101, -14, 1, 4176
-101, -14, 2, 87360
-101, -13, 0, 517056
-101, -13, 1, 4191504
-101, -13, 2, 87391
-101, -12, 0, 34196
-101, -12, 1, 196608
-101, -12, 2, 0
-101, -11, 0, 3340633
-101, -11, 1, 196800
-101, -11, 2, 81923
-101, -10, 0, 2610517
-101, -10, 1, 3927727
-101, -10, 2, 176123
-101, -9, 0, 1680725
-101, -9, 1, 1419941
-101, -9, 2, 92821
-101, -8, 0, 1398101
-101, -8, 1, 1398101
-101, -8, 2, 87381
-101, -7, 0, 1398101
-101, -7, 1, 1398101
-101, -7, 2, 87381
-101, -6, 0, 1398101
-101, -6, 1, 1398101
-101, -6, 2, 87381
-101, -5, 0, 1398101
-101, -5, 1, 1398101
-101, -5, 2, 87381
-101, -4, 0, 1398101
-101, -4, 1, 1398101
-101, -4, 2, 87381
-101, -3, 0, 1398101
-101, -3, 1, 1398101
-101, -3, 2, 87381
-100, -20, 0, 1398101
-100, -20, 1, 1398101
-100, -20, 2, 87381
-100, -19, 0, 1398101
-100, -19, 1, 1398101
-100, -19, 2, 87381
-100, -18, 0, 1398101
-100, -18, 1, 1398101
-100, -18, 2, 87381
-100, -17, 0, 1398101
-100, -17, 1, 1398101
-100, -17, 2, 87381
-100, -16, 0, 1398101
-100, -16, 1, 1398101
-100, -16, 2, 87381
-100, -15, 0, 1398101
-100, -15, 1, 1398101
-100, -15, 2, 87381
-100, -14, 0, 521557
-100, -14, 1, 4437
-100, -14, 2, 87296
-100, -13, 0, 423253
-100, -13, 1, 4183041
-100, -13, 2, 88063
-100, -12, 0, 9557
-100, -12, 1, 0
-100, -12, 2, 48
-100, -11, 0, 3733845
-100, -11, 1, 197568
-100, -11, 2, 65548
-100, -10, 0, 2794837
-100, -10, 1, 3844778
-100, -10, 2, 175083
-100, -9, 0, 1681749
-100, -9, 1, 1419941
-100, -9, 2, 109205
-100, -8, 0, 1403221
-100, -8, 1, 1398101
-100, -8, 2, 87381
-100, -7, 0, 1398101
-100, -7, 1, 1398101
-100, -7, 2, 87381
-100, -6, 0, 1398101
-100, -6, 1, 1398101
-100, -6, 2, 87381
-100, -5, 0, 1398101
-100, -5, 1, 1398101
-100, -5, 2, 87381
-100, -4, 0, 1398101
-100, -4, 1, 1398101
-100, -4, 2, 87381
-100, -3, 0, 1398101
-100, -3, 1, 1398101
-100, -3, 2, 87381
-99, -20, 0, 1398101
-99, -20, 1, 1398101
-99, -20, 2, 87381
-99, -19, 0, 1398101
-99, -19, 1, 1398101
-99, -19, 2, 87381
-99, -18, 0, 1398101
-99, -18, 1, 1398101
-99, -18, 2, 87381
-99, -17, 0, 1398101
-99, -17, 1, 1398101
-99, -17, 2, 87381
-99, -16, 0, 1398101
-99, -16, 1, 1398101
-99, -16, 2, 87381
-99, -15, 0, 1398101
-99, -15, 1, 1398101
-99, -15, 2, 87381
-99, -14, 0, 1389909
-99, -14, 1, 5141
-99, -14, 2, 87296
-99, -13, 0, 1922389
-99, -13, 1, 4179029
-99, -13, 2, 90111
-99, -12, 0, 1447253
-99, -12, 1, 0
-99, -12, 2, 0
-99, -11, 0, 3200341
-99, -11, 1, 4128960
-99, -11, 2, 245775
-99, -10, 0, 2794837
-99, -10, 1, 2796266
-99, -10, 2, 175082
-99, -9, 0, 1480021
-99, -9, 1, 1419946
-99, -9, 2, 109205
-99, -8, 0, 1398101
-99, -8, 1, 1398101
-99, -8, 2, 87381
-99, -7, 0, 1398101
-99, -7, 1, 1398101
-99, -7, 2, 87381
-99, -6, 0, 1398101
-99, -6, 1, 1398101
-99, -6, 2, 87381
-99, -5, 0, 1398101
-99, -5, 1, 1398101
-99, -5, 2, 87381
-99, -4, 0, 1398101
-99, -4, 1, 1398101
-99, -4, 2, 87381
-99, -3, 0, 1398101
-99, -3, 1, 1398101
-99, -3, 2, 87381
-98, -20, 0, 1398101
-98, -20, 1, 1398101
-98, -20, 2, 87381
-98, -19, 0, 1398101
-98, -19, 1, 1398101
-98, -19, 2, 87381
-98, -18, 0, 1398101
-98, -18, 1, 1398101
-98, -18, 2, 87381
-98, -17, 0, 1398101
-98, -17, 1, 1398101
-98, -17, 2, 87381
-98, -16, 0, 1398101
-98, -16, 1, 1398101
-98, -16, 2, 87381
-98, -15, 0, 1398101
-98, -15, 1, 1398101
-98, -15, 2, 87381
-98, -14, 0, 1398101
-98, -14, 1, 5141
-98, -14, 2, 87296
-98, -13, 0, 1398101
-98, -13, 1, 4178261
-98, -13, 2, 90111
-98, -12, 0, 1660245
-98, -12, 1, 5
-98, -12, 2, 0
-98, -11, 0, 1398101
-98, -11, 1, 3145728
-98, -11, 2, 246591
-98, -10, 0, 2790741
-98, -10, 1, 2796542
-98, -10, 2, 175002
-98, -9, 0, 2446677
-98, -9, 1, 2468522
-98, -9, 2, 109222
-98, -8, 0, 1398101
-98, -8, 1, 1398106
-98, -8, 2, 87401
-98, -7, 0, 1398101
-98, -7, 1, 1398101
-98, -7, 2, 87381
-98, -6, 0, 1398101
-98, -6, 1, 1398101
-98, -6, 2, 87381
-98, -5, 0, 1398101
-98, -5, 1, 1398101
-98, -5, 2, 87381
-98, -4, 0, 1398101
-98, -4, 1, 1398101
-98, -4, 2, 87381
-98, -3, 0, 1398101
-98, -3, 1, 1398101
-98, -3, 2, 87381
-97, -20, 0, 1398101
-97, -20, 1, 1398101
-97, -20, 2, 87381
-97, -19, 0, 1398101
-97, -19, 1, 1398101
-97, -19, 2, 87381
-97, -18, 0, 1398101
-97, -18, 1, 1398101
-97, -18, 2, 87381
-97, -17, 0, 1398101
-97, -17, 1, 1398101
-97, -17, 2, 87381
-97, -16, 0, 1398101
-97, -16, 1, 1398101
-97, -16, 2, 87381
-97, -15, 0, 1398101
-97, -15, 1, 1398101
-97, -15, 2, 87381
-97, -14, 0, 1398101
-97, -14, 1, 5461
-97, -14, 2, 87296
-97, -13, 0, 1398101
-97, -13, 1, 4183381
-97, -13, 2, 90111
-97, -12, 0, 1922389
-97, -12, 1, 21
-97, -12, 2, 0
-97, -11, 0, 1398101
-97, -11, 1, 0
-97, -11, 2, 246579
-97, -10, 0, 1398101
-97, -10, 1, 3124223
-97, -10, 2, 174767
-97, -9, 0, 2446677
-97, -9, 1, 2468522
-97, -9, 2, 174698
-97, -8, 0, 2446677
-97, -8, 1, 1398122
-97, -8, 2, 87401
-97, -7, 0, 1398101
-97, -7, 1, 1398101
-97, -7, 2, 87381
-97, -6, 0, 1398101
-97, -6, 1, 1398101
-97, -6, 2, 87381
-97, -5, 0, 1398101
-97, -5, 1, 1398101
-97, -5, 2, 87381
-97, -4, 0, 1398101
-97, -4, 1, 1398101
-97, -4, 2, 87381
-97, -3, 0, 1398101
-97, -3, 1, 1398101
-97, -3, 2, 87381
-96, -20, 0, 1398101
-96, -20, 1, 1398101
-96, -20, 2, 87381
-96, -19, 0, 1398101
-96, -19, 1, 1398101
-96, -19, 2, 87381
-96, -18, 0, 1398101
-96, -18, 1, 1398101
-96, -18, 2, 87381
-96, -17, 0, 1398101
-96, -17, 1, 1398101
-96, -17, 2, 87381
-96, -16, 0, 1398101
-96, -16, 1, 1398101
-96, -16, 2, 87381
-96, -15, 0, 1398101
-96, -15, 1, 1398101
-96, -15, 2, 87381
-96, -14, 0, 1398101
-96, -14, 1, 5461
-96, -14, 2, 87040
-96, -13, 0, 1398101
-96, -13, 1, 4150613
-96, -13, 2, 90111
-96, -12, 0, 1398101
-96, -12, 1, 21
-96, -12, 2, 3
-96, -11, 0, 1398101
-96, -11, 1, 49152
-96, -11, 2, 196611
-96, -10, 0, 1398101
-96, -10, 1, 4106943
-96, -10, 2, 174847
-96, -9, 0, 2446677
-96, -9, 1, 1419946
-96, -9, 2, 174442
-96, -8, 0, 2446677
-96, -8, 1, 1398122
-96, -8, 2, 87401
-96, -7, 0, 1398101
-96, -7, 1, 1398101
-96, -7, 2, 87381
-96, -6, 0, 1398101
-96, -6, 1, 1398101
-96, -6, 2, 87381
-96, -5, 0, 1398101
-96, -5, 1, 1398101
-96, -5, 2, 87381
-96, -4, 0, 1398101
-96, -4, 1, 1398101
-96, -4, 2, 87381
-96, -3, 0, 1398101
-96, -3, 1, 1398101
-96, -3, 2, 87381
-95, -20, 0, 1398101
-95, -20, 1, 1398101
-95, -20, 2, 87381
-95, -19, 0, 1398101
-95, -19, 1, 1398101
-95, -19, 2, 87381
-95, -18, 0, 1398101
-95, -18, 1, 1398101
-95, -18, 2, 87381
-95, -17, 0, 1398101
-95, -17, 1, 1398101
-95, -17, 2, 87381
-95, -16, 0, 1398101
-95, -16, 1, 1398101
-95, -16, 2, 87381
-95, -15, 0, 1398101
-95, -15, 1, 1398101
-95, -15, 2, 87381
-95, -14, 0, 1398101
-95, -14, 1, 21845
-95, -14, 2, 87040
-95, -13, 0, 1398101
-95, -13, 1, 4150613
-95, -13, 2, 90111
-95, -12, 0, 1398101
-95, -12, 1, 85
-95, -12, 2, 12
-95, -11, 0, 1398101
-95, -11, 1, 49152
-95, -11, 2, 196608
-95, -10, 0, 1398101
-95, -10, 1, 4128447
-95, -10, 2, 176063
-95, -9, 0, 1398101
-95, -9, 1, 2796202
-95, -9, 2, 173465
-95, -8, 0, 1398101
-95, -8, 1, 1398106
-95, -8, 2, 87381
-95, -7, 0, 1398101
-95, -7, 1, 1398101
-95, -7, 2, 87381
-95, -6, 0, 1398101
-95, -6, 1, 1398101
-95, -6, 2, 87381
-95, -5, 0, 1398101
-95, -5, 1, 1398101
-95, -5, 2, 87381
-95, -4, 0, 1398101
-95, -4, 1, 1398101
-95, -4, 2, 87381
-95, -3, 0, 1398101
-95, -3, 1, 1398101
-95, -3, 2, 87381
-94, -20, 0, 1398101
-94, -20, 1, 1398101
-94, -20, 2, 87381
-94, -19, 0, 1398101
-94, -19, 1, 1398101
-94, -19, 2, 87381
-94, -18, 0, 1398101
-94, -18, 1, 1398101
-94, -18, 2, 87381
-94, -17, 0, 1398101
-94, -17, 1, 1398101
-94, -17, 2, 87381
-94, -16, 0, 1398101
-94, -16, 1, 1398101
-94, -16, 2, 87381
-94, -15, 0, 1398101
-94, -15, 1, 1398101
-94, -15, 2, 87381
-94, -14, 0, 1398101
-94, -14, 1, 87381
-94, -14, 2, 86016
-94, -13, 0, 1398101
-94, -13, 1, 4150613
-94, -13, 2, 90111
-94, -12, 0, 1398101
-94, -12, 1, 1365
-94, -12, 2, 48
-94, -11, 0, 1398101
-94, -11, 1, 1345
-94, -11, 2, 196608
-94, -10, 0, 1398101
-94, -10, 1, 4194237
-94, -10, 2, 180143
-94, -9, 0, 1398101
-94, -9, 1, 2796197
-94, -9, 2, 173418
-94, -8, 0, 1398101
-94, -8, 1, 1398101
-94, -8, 2, 87381
-94, -7, 0, 1398101
-94, -7, 1, 1398101
-94, -7, 2, 87381
-94, -6, 0, 1398101
-94, -6, 1, 1398101
-94, -6, 2, 87381
-94, -5, 0, 1398101
-94, -5, 1, 1398101
-94, -5, 2, 87381
-94, -4, 0, 1398101
-94, -4, 1, 1398101
-94, -4, 2, 87381
-94, -3, 0, 1398101
-94, -3, 1, 1398101
-94, -3, 2, 87381
-93, -20, 0, 1398101
-93, -20, 1, 1398101
-93, -20, 2, 87381
-93, -19, 0, 1398101
-93, -19, 1, 1398101
-93, -19, 2, 87381
-93, -18, 0, 1398101
-93, -18, 1, 1398101
-93, -18, 2, 87381
-93, -17, 0, 1398101
-93, -17, 1, 1398101
-93, -17, 2, 87381
-93, -16, 0, 1398101
-93, -16, 1, 1398101
-93, -16, 2, 87381
-93, -15, 0, 1398101
-93, -15, 1, 1398101
-93, -15, 2, 87381
-93, -14, 0, 1398101
-93, -14, 1, 87381
-93, -14, 2, 87040
-93, -13, 0, 1398101
-93, -13, 1, 4150613
-93, -13, 2, 90111
-93, -12, 0, 1398101
-93, -12, 1, 5461
-93, -12, 2, 48
-93, -11, 0, 1398101
-93, -11, 1, 786773
-93, -11, 2, 196608
-93, -10, 0, 1398101
-93, -10, 1, 4194213
-93, -10, 2, 196586
-93, -9, 0, 1398101
-93, -9, 1, 2812565
-93, -9, 2, 174762
-93, -8, 0, 1398101
-93, -8, 1, 1399445
-93, -8, 2, 87381
-93, -7, 0, 1398101
-93, -7, 1, 1398101
-93, -7, 2, 87381
-93, -6, 0, 1398101
-93, -6, 1, 1398101
-93, -6, 2, 87381
-93, -5, 0, 1398101
-93, -5, 1, 1398101
-93, -5, 2, 87381
-93, -4, 0, 1398101
-93, -4, 1, 1398101
-93, -4, 2, 87381
-93, -3, 0, 1398101
-93, -3, 1, 1398101
-93, -3, 2, 87381
-92, -20, 0, 1398101
-92, -20, 1, 1398101
-92, -20, 2, 87381
-92, -19, 0, 1398101
-92, -19, 1, 1398101
-92, -19, 2, 87381
-92, -18, 0, 1398101
-92, -18, 1, 1398101
-92, -18, 2, 87381
-92, -17, 0, 1398101
-92, -17, 1, 1398101
-92, -17, 2, 87381
-92, -16, 0, 1398101
-92, -16, 1, 1398101
-92, -16, 2, 87381
-92, -15, 0, 1398101
-92, -15, 1, 1398101
-92, -15, 2, 87381
-92, -14, 0, 1398101
-92, -14, 1, 87381
-92, -14, 2, 87040
-92, -13, 0, 1398101
-92, -13, 1, 4150613
-92, -13, 2, 90111
-92, -12, 0, 1398101
-92, -12, 1, 5461
-92, -12, 2, 0
-92, -11, 0, 1398101
-92, -11, 1, 3932501
-92, -11, 2, 196656
-92, -10, 0, 1398101
-92, -10, 1, 4128677
-92, -10, 2, 177834
-92, -9, 0, 1398101
-92, -9, 1, 2816597
-92, -9, 2, 174762
-92, -8, 0, 1398101
-92, -8, 1, 1403541
-92, -8, 2, 87381
-92, -7, 0, 1398101
-92, -7, 1, 1398101
-92, -7, 2, 87381
-92, -6, 0, 1398101
-92, -6, 1, 1398101
-92, -6, 2, 87381
-92, -5, 0, 1398101
-92, -5, 1, 1398101
-92, -5, 2, 87381
-92, -4, 0, 1398101
-92, -4, 1, 1398101
-92, -4, 2, 87381
-92, -3, 0, 1398101
-92, -3, 1, 1398101
-92, -3, 2, 87381
-91, -20, 0, 1398101
-91, -20, 1, 1398101
-91, -20, 2, 87381
-91, -19, 0, 1398101
-91, -19, 1, 1398101
-91, -19, 2, 87381
-91, -18, 0, 1398101
-91, -18, 1, 1398101
-91, -18, 2, 87381
-91, -17, 0, 1398101
-91, -17, 1, 1398101
-91, -17, 2, 87381
-91, -16, 0, 1398101
-91, -16, 1, 1398101
-91, -16, 2, 87381
-91, -15, 0, 1398101
-91, -15, 1, 1398101
-91, -15, 2, 87381
-91, -14, 0, 1398101
-91, -14, 1, 349525
-91, -14, 2, 86016
-91, -13, 0, 1398101
-91, -13, 1, 4150613
-91, -13, 2, 88063
-91, -12, 0, 1398101
-91, -12, 1, 5461
-91, -12, 2, 0
-91, -11, 0, 1398101
-91, -11, 1, 3932501
-91, -11, 2, 196656
-91, -10, 0, 1398101
-91, -10, 1, 4128677
-91, -10, 2, 177914
-91, -9, 0, 1398101
-91, -9, 1, 2795861
-91, -9, 2, 174762
-91, -8, 0, 1398101
-91, -8, 1, 1403541
-91, -8, 2, 87381
-91, -7, 0, 1398101
-91, -7, 1, 1398101
-91, -7, 2, 87381
-91, -6, 0, 1398101
-91, -6, 1, 1398101
-91, -6, 2, 87381
-91, -5, 0, 1398101
-91, -5, 1, 1398101
-91, -5, 2, 87381
-91, -4, 0, 1398101
-91, -4, 1, 1398101
-91, -4, 2, 87381
-91, -3, 0, 1398101
-91, -3, 1, 1398101
-91, -3, 2, 87381
-90, -20, 0, 1398101
-90, -20, 1, 1398101
-90, -20, 2, 87381
-90, -19, 0, 1398101
-90, -19, 1, 1398101
-90, -19, 2, 87381
-90, -18, 0, 1398101
-90, -18, 1, 1398101
-90, -18, 2, 87381
-90, -17, 0, 1398101
-90, -17, 1, 1398101
-90, -17, 2, 87381
-90, -16, 0, 1398101
-90, -16, 1, 1398101
-90, -16, 2, 87381
-90, -15, 0, 1398101
-90, -15, 1, 1398101
-90, -15, 2, 87381
-90, -14, 0, 1398101
-90, -14, 1, 349525
-90, -14, 2, 81920
-90, -13, 0, 1398101
-90, -13, 1, 3495253
-90, -13, 2, 88063
-90, -12, 0, 1398101
-90, -12, 1, 87381
-90, -12, 2, 0
-90, -11, 0, 1398101
-90, -11, 1, 4130133
-90, -11, 2, 196656
-90, -10, 0, 1398101
-90, -10, 1, 4128661
-90, -10, 2, 196607
-90, -9, 0, 1398101
-90, -9, 1, 2795861
-90, -9, 2, 174762
-90, -8, 0, 1398101
-90, -8, 1, 1399381
-90, -8, 2, 91477
-90, -7, 0, 1398101
-90, -7, 1, 1398101
-90, -7, 2, 87381
-90, -6, 0, 1398101
-90, -6, 1, 1398101
-90, -6, 2, 87381
-90, -5, 0, 1398101
-90, -5, 1, 1398101
-90, -5, 2, 87381
-90, -4, 0, 1398101
-90, -4, 1, 1398101
-90, -4, 2, 87381
-90, -3, 0, 1398101
-90, -3, 1, 1398101
-90, -3, 2, 87381
-89, -20, 0, 1398101
-89, -20, 1, 1398101
-89, -20, 2, 87381
-89, -19, 0, 1398101
-89, -19, 1, 1398101
-89, -19, 2, 87381
-89, -18, 0, 1398101
-89, -18, 1, 1398101
-89, -18, 2, 87381
-89, -17, 0, 1398101
-89, -17, 1, 1398101
-89, -17, 2, 87381
-89, -16, 0, 1398101
-89, -16, 1, 1398101
-89, -16, 2, 87381
-89, -15, 0, 1398101
-89, -15, 1, 1398101
-89, -15, 2, 87381
-89, -14, 0, 1398101
-89, -14, 1, 1398101
-89, -14, 2, 81920
-89, -13, 0, 1398101
-89, -13, 1, 3495253
-89, -13, 2, 131071
-89, -12, 0, 1398101
-89, -12, 1, 349525
-89, -12, 2, 0
-89, -11, 0, 1398101
-89, -11, 1, 4019541
-89, -11, 2, 196656
-89, -10, 0, 1398101
-89, -10, 1, 3929429
-89, -10, 2, 261807
-89, -9, 0, 1398101
-89, -9, 1, 2794837
-89, -9, 2, 174762
-89, -8, 0, 1398101
-89, -8, 1, 1398101
-89, -8, 2, 92501
-89, -7, 0, 1398101
-89, -7, 1, 1398101
-89, -7, 2, 87381
-89, -6, 0, 1398101
-89, -6, 1, 1398101
-89, -6, 2, 87381
-89, -5, 0, 1398101
-89, -5, 1, 1398101
-89, -5, 2, 87381
-89, -4, 0, 1398101
-89, -4, 1, 1398101
-89, -4, 2, 87381
-89, -3, 0, 1398101
-89, -3, 1, 1398101
-89, -3, 2, 87381
-88, -20, 0, 1398101
-88, -20, 1, 1398101
-88, -20, 2, 87381
-88, -19, 0, 1398101
-88, -19, 1, 1398101
-88, -19, 2, 87381
-88, -18, 0, 1398101
-88, -18, 1, 1398101
-88, -18, 2, 87381
-88, -17, 0, 1398101
-88, -17, 1, 1398101
-88, -17, 2, 87381
-88, -16, 0, 1398101
-88, -16, 1, 1398101
-88, -16, 2, 87381
-88, -15, 0, 1398101
-88, -15, 1, 1398101
-88, -15, 2, 87381
-88, -14, 0, 1398101
-88, -14, 1, 1398101
-88, -14, 2, 65536
-88, -13, 0, 1398101
-88, -13, 1, 3495253
-88, -13, 2, 131071
-88, -12, 0, 1398101
-88, -12, 1, 349525
-88, -12, 2, 0
-88, -11, 0, 1398101
-88, -11, 1, 4019541
-88, -11, 2, 196671
-88, -10, 0, 1398101
-88, -10, 1, 2880853
-88, -10, 2, 260783
-88, -9, 0, 1398101
-88, -9, 1, 2774357
-88, -9, 2, 174762
-88, -8, 0, 1398101
-88, -8, 1, 2446677
-88, -8, 2, 87382
-88, -7, 0, 1398101
-88, -7, 1, 1398101
-88, -7, 2, 87381
-88, -6, 0, 1398101
-88, -6, 1, 1398101
-88, -6, 2, 87381
-88, -5, 0, 1398101
-88, -5, 1, 1398101
-88, -5, 2, 87381
-88, -4, 0, 1398101
-88, -4, 1, 1398101
-88, -4, 2, 87381
-88, -3, 0, 1398101
-88, -3, 1, 1398101
-88, -3, 2, 87381
-87, -20, 0, 1398101
-87, -20, 1, 1398101
-87, -20, 2, 87381
-87, -19, 0, 1398101
-87, -19, 1, 1398101
-87, -19, 2, 87381
-87, -18, 0, 1398101
-87, -18, 1, 1398101
-87, -18, 2, 87381
-87, -17, 0, 1398101
-87, -17, 1, 1398101
-87, -17, 2, 87381
-87, -16, 0, 1398101
-87, -16, 1, 1398101
-87, -16, 2, 87381
-87, -15, 0, 1398101
-87, -15, 1, 1398101
-87, -15, 2, 87381
-87, -14, 0, 1398101
-87, -14, 1, 1398101
-87, -14, 2, 81920
-87, -13, 0, 1398101
-87, -13, 1, 1398101
-87, -13, 2, 131071
-87, -12, 0, 1398101
-87, -12, 1, 1398101
-87, -12, 2, 0
-87, -11, 0, 1398101
-87, -11, 1, 349525
-87, -11, 2, 212748
-87, -10, 0, 1398101
-87, -10, 1, 2872661
-87, -10, 2, 180223
-87, -9, 0, 1398101
-87, -9, 1, 2446677
-87, -9, 2, 174767
-87, -8, 0, 1398101
-87, -8, 1, 2708821
-87, -8, 2, 87382
-87, -7, 0, 1398101
-87, -7, 1, 1398101
-87, -7, 2, 87381
-87, -6, 0, 1398101
-87, -6, 1, 1398101
-87, -6, 2, 87381
-87, -5, 0, 1398101
-87, -5, 1, 1398101
-87, -5, 2, 87381
-87, -4, 0, 1398101
-87, -4, 1, 1398101
-87, -4, 2, 87381
-87, -3, 0, 1398101
-87, -3, 1, 1398101
-87, -3, 2, 87381
-86, -20, 0, 1398101
-86, -20, 1, 1398101
-86, -20, 2, 87381
-86, -19, 0, 1398101
-86, -19, 1, 1398101
-86, -19, 2, 87381
-86, -18, 0, 1398101
-86, -18, 1, 1398101
-86, -18, 2, 87381
-86, -17, 0, 1398101
-86, -17, 1, 1398101
-86, -17, 2, 87381
-86, -16, 0, 1398101
-86, -16, 1, 1398101
-86, -16, 2, 87381
-86, -15, 0, 1398101
-86, -15, 1, 1398101
-86, -15, 2, 87381
-86, -14, 0, 1398101
-86, -14, 1, 1398101
-86, -14, 2, 81921
-86, -13, 0, 1398101
-86, -13, 1, 1398101
-86, -13, 2, 131071
-86, -12, 0, 1398101
-86, -12, 1, 1398101
-86, -12, 2, 5
-86, -11, 0, 1398101
-86, -11, 1, 349525
-86, -11, 2, 212736
-86, -10, 0, 1398101
-86, -10, 1, 3921237
-86, -10, 2, 175103
-86, -9, 0, 1398101
-86, -9, 1, 3495253
-86, -9, 2, 174767
-86, -8, 0, 1398101
-86, -8, 1, 2708821
-86, -8, 2, 87382
-86, -7, 0, 1398101
-86, -7, 1, 1398101
-86, -7, 2, 87381
-86, -6, 0, 1398101
-86, -6, 1, 1398101
-86, -6, 2, 87381
-86, -5, 0, 1398101
-86, -5, 1, 1398101
-86, -5, 2, 87381
-86, -4, 0, 1398101
-86, -4, 1, 1398101
-86, -4, 2, 87381
-86, -3, 0, 1398101
-86, -3, 1, 1398101
-86, -3, 2, 87381
-85, -20, 0, 1398101
-85, -20, 1, 1398101
-85, -20, 2, 87381
-85, -19, 0, 1398101
-85, -19, 1, 1398101
-85, -19, 2, 87381
-85, -18, 0, 1398101
-85, -18, 1, 1398101
-85, -18, 2, 87381
-85, -17, 0, 1398101
-85, -17, 1, 1398101
-85, -17, 2, 87381
-85, -16, 0, 1398101
-85, -16, 1, 1398101
-85, -16, 2, 87381
-85, -15, 0, 1398101
-85, -15, 1, 1398101
-85, -15, 2, 87381
-85, -14, 0, 1398101
-85, -14, 1, 1398101
-85, -14, 2, 81925
-85, -13, 0, 1398101
-85, -13, 1, 1398101
-85, -13, 2, 131061
-85, -12, 0, 1398101
-85, -12, 1, 1398101
-85, -12, 2, 5
-85, -11, 0, 1398101
-85, -11, 1, 349525
-85, -11, 2, 64512
-85, -10, 0, 1398101
-85, -10, 1, 3495253
-85, -10, 2, 262143
-85, -9, 0, 1398101
-85, -9, 1, 3495253
-85, -9, 2, 174767
-85, -8, 0, 1398101
-85, -8, 1, 2708821
-85, -8, 2, 87382
-85, -7, 0, 1398101
-85, -7, 1, 1398101
-85, -7, 2, 87381
-85, -6, 0, 1398101
-85, -6, 1, 1398101
-85, -6, 2, 87381
-85, -5, 0, 1398101
-85, -5, 1, 1398101
-85, -5, 2, 87381
-85, -4, 0, 1398101
-85, -4, 1, 1398101
-85, -4, 2, 87381
-85, -3, 0, 1398101
-85, -3, 1, 1398101
-85, -3, 2, 87381
-84, -20, 0, 1398101
-84, -20, 1, 1398101
-84, -20, 2, 87381
-84, -19, 0, 1398101
-84, -19, 1, 1398101
-84, -19, 2, 87381
-84, -18, 0, 1398101
-84, -18, 1, 1398101
-84, -18, 2, 87381
-84, -17, 0, 1398101
-84, -17, 1, 1398101
-84, -17, 2, 87381
-84, -16, 0, 1398101
-84, -16, 1, 1398101
-84, -16, 2, 87381
-84, -15, 0, 1398101
-84, -15, 1, 1398101
-84, -15, 2, 87381
-84, -14, 0, 1398101
-84, -14, 1, 1398101
-84, -14, 2, 65557
-84, -13, 0, 1398101
-84, -13, 1, 1398101
-84, -13, 2, 131061
-84, -12, 0, 1398101
-84, -12, 1, 1398101
-84, -12, 2, 1
-84, -11, 0, 1398101
-84, -11, 1, 1398101
-84, -11, 2, 261120
-84, -10, 0, 1398101
-84, -10, 1, 3495253
-84, -10, 2, 196607
-84, -9, 0, 1398101
-84, -9, 1, 1398101
-84, -9, 2, 175103
-84, -8, 0, 1398101
-84, -8, 1, 1398101
-84, -8, 2, 174421
-84, -7, 0, 1398101
-84, -7, 1, 1398101
-84, -7, 2, 87381
-84, -6, 0, 1398101
-84, -6, 1, 1398101
-84, -6, 2, 87381
-84, -5, 0, 1398101
-84, -5, 1, 1398101
-84, -5, 2, 87381
-84, -4, 0, 1398101
-84, -4, 1, 1398101
-84, -4, 2, 87381
-84, -3, 0, 1398101
-84, -3, 1, 1398101
-84, -3, 2, 87381
-83, -20, 0, 1398101
-83, -20, 1, 1398101
-83, -20, 2, 87381
-83, -19, 0, 1398101
-83, -19, 1, 1398101
-83, -19, 2, 87381
-83, -18, 0, 1398101
-83, -18, 1, 1398101
-83, -18, 2, 87381
-83, -17, 0, 1398101
-83, -17, 1, 1398101
-83, -17, 2, 87381
-83, -16, 0, 1398101
-83, -16, 1, 1398101
-83, -16, 2, 87381
-83, -15, 0, 1398101
-83, -15, 1, 1398101
-83, -15, 2, 87381
-83, -14, 0, 1398101
-83, -14, 1, 1398101
-83, -14, 2, 65557
-83, -13, 0, 1398101
-83, -13, 1, 1398101
-83, -13, 2, 262101
-83, -12, 0, 1398101
-83, -12, 1, 1398101
-83, -12, 2, 1
-83, -11, 0, 1398101
-83, -11, 1, 1398101
-83, -11, 2, 261133
-83, -10, 0, 1398101
-83, -10, 1, 3495253
-83, -10, 2, 196607
-83, -9, 0, 1398101
-83, -9, 1, 1398101
-83, -9, 2, 175093
-83, -8, 0, 1398101
-83, -8, 1, 1398101
-83, -8, 2, 174421
-83, -7, 0, 1398101
-83, -7, 1, 1398101
-83, -7, 2, 87381
-83, -6, 0, 1398101
-83, -6, 1, 1398101
-83, -6, 2, 87381
-83, -5, 0, 1398101
-83, -5, 1, 1398101
-83, -5, 2, 87381
-83, -4, 0, 1398101
-83, -4, 1, 1398101
-83, -4, 2, 87381
-83, -3, 0, 1398101
-83, -3, 1, 1398101
-83, -3, 2, 87381
-82, -20, 0, 1398101
-82, -20, 1, 1398101
-82, -20, 2, 87381
-82, -19, 0, 1398101
-82, -19, 1, 1398101
-82, -19, 2, 87381
-82, -18, 0, 1398101
-82, -18, 1, 1398101
-82, -18, 2, 87381
-82, -17, 0, 1398101
-82, -17, 1, 1398101
-82, -17, 2, 87381
-82, -16, 0, 1398101
-82, -16, 1, 1398101
-82, -16, 2, 87381
-82, -15, 0, 1398101
-82, -15, 1, 1398101
-82, -15, 2, 87381
-82, -14, 0, 1398101
-82, -14, 1, 1398101
-82, -14, 2, 65557
-82, -13, 0, 1398101
-82, -13, 1, 1398101
-82, -13, 2, 262101
-82, -12, 0, 1398101
-82, -12, 1, 1398101
-82, -12, 2, 0
-82, -11, 0, 1398101
-82, -11, 1, 1398101
-82, -11, 2, 261133
-82, -10, 0, 1398101
-82, -10, 1, 1398101
-82, -10, 2, 175103
-82, -9, 0, 1398101
-82, -9, 1, 1398101
-82, -9, 2, 175093
-82, -8, 0, 1398101
-82, -8, 1, 1398101
-82, -8, 2, 87717
-82, -7, 0, 1398101
-82, -7, 1, 1398101
-82, -7, 2, 87381
-82, -6, 0, 1398101
-82, -6, 1, 1398101
-82, -6, 2, 87381
-82, -5, 0, 1398101
-82, -5, 1, 1398101
-82, -5, 2, 87381
-82, -4, 0, 1398101
-82, -4, 1, 1398101
-82, -4, 2, 87381
-82, -3, 0, 1398101
-82, -3, 1, 1398101
-82, -3, 2, 87381
-81, -20, 0, 1398101
-81, -20, 1, 1398101
-81, -20, 2, 87381
-81, -19, 0, 1398101
-81, -19, 1, 1398101
-81, -19, 2, 87381
-81, -18, 0, 1398101
-81, -18, 1, 1398101
-81, -18, 2, 87381
-81, -17, 0, 1398101
-81, -17, 1, 1398101
-81, -17, 2, 87381
-81, -16, 0, 1398101
-81, -16, 1, 1398101
-81, -16, 2, 87381
-81, -15, 0, 1398101
-81, -15, 1, 1398101
-81, -15, 2, 87381
-81, -14, 0, 1398101
-81, -14, 1, 1398101
-81, -14, 2, 65557
-81, -13, 0, 1398101
-81, -13, 1, 1398101
-81, -13, 2, 262101
-81, -12, 0, 1398101
-81, -12, 1, 1398101
-81, -12, 2, 0
-81, -11, 0, 1398101
-81, -11, 1, 1398101
-81, -11, 2, 261133
-81, -10, 0, 1398101
-81, -10, 1, 1398101
-81, -10, 2, 262133
-81, -9, 0, 1398101
-81, -9, 1, 1398101
-81, -9, 2, 175097
-81, -8, 0, 1398101
-81, -8, 1, 1398101
-81, -8, 2, 97961
-81, -7, 0, 1398101
-81, -7, 1, 1398101
-81, -7, 2, 87381
-81, -6, 0, 1398101
-81, -6, 1, 1398101
-81, -6, 2, 87381
-81, -5, 0, 1398101
-81, -5, 1, 1398101
-81, -5, 2, 87381
-81, -4, 0, 1398101
-81, -4, 1, 1398101
-81, -4, 2, 87381
-81, -3, 0, 1398101
-81, -3, 1, 1398101
-81, -3, 2, 87381
-80, -20, 0, 1398101
-80, -20, 1, 1398101
-80, -20, 2, 87381
-80, -19, 0, 1398101
-80, -19, 1, 1398101
-80, -19, 2, 87381
-80, -18, 0, 1398101
-80, -18, 1, 1398101
-80, -18, 2, 87381
-80, -17, 0, 1398101
-80, -17, 1, 1398101
-80, -17, 2, 87381
-80, -16, 0, 1398101
-80, -16, 1, 1398101
-80, -16, 2, 87381
-80, -15, 0, 1398101
-80, -15, 1, 1398101
-80, -15, 2, 87381
-80, -14, 0, 1398101
-80, -14, 1, 1398101
-80, -14, 2, 65557
-80, -13, 0, 1398101
-80, -13, 1, 1398101
-80, -13, 2, 262101
-80, -12, 0, 1398101
-80, -12, 1, 1398101
-80, -12, 2, 0
-80, -11, 0, 1398101
-80, -11, 1, 1398101
-80, -11, 2, 261133
-80, -10, 0, 1398101
-80, -10, 1, 1398101
-80, -10, 2, 191477
-80, -9, 0, 1398101
-80, -9, 1, 1398101
-80, -9, 2, 175077
-80, -8, 0, 1398101
-80, -8, 1, 1398101
-80, -8, 2, 87465
-80, -7, 0, 1398101
-80, -7, 1, 1398101
-80, -7, 2, 87381
-80, -6, 0, 1398101
-80, -6, 1, 1398101
-80, -6, 2, 87381
-80, -5, 0, 1398101
-80, -5, 1, 1398101
-80, -5, 2, 87381
-80, -4, 0, 1398101
-80, -4, 1, 1398101
-80, -4, 2, 87381
-80, -3, 0, 1398101
-80, -3, 1, 1398101
-80, -3, 2, 87381
-79, -20, 0, 1398101
-79, -20, 1, 1398101
-79, -20, 2, 87381
-79, -19, 0, 1398101
-79, -19, 1, 1398101
-79, -19, 2, 87381
-79, -18, 0, 1398101
-79, -18, 1, 1398101
-79, -18, 2, 87381
-79, -17, 0, 1398101
-79, -17, 1, 1398101
-79, -17, 2, 87381
-79, -16, 0, 1398101
-79, -16, 1, 1398101
-79, -16, 2, 87381
-79, -15, 0, 1398101
-79, -15, 1, 1398101
-79, -15, 2, 87381
-79, -14, 0, 1398101
-79, -14, 1, 1398101
-79, -14, 2, 65557
-79, -13, 0, 1398101
-79, -13, 1, 1398101
-79, -13, 2, 261973
-79, -12, 0, 1398101
-79, -12, 1, 1398101
-79, -12, 2, 1
-79, -11, 0, 1398101
-79, -11, 1, 1398101
-79, -11, 2, 261133
-79, -10, 0, 1398101
-79, -10, 1, 1398101
-79, -10, 2, 175093
-79, -9, 0, 1398101
-79, -9, 1, 4019541
-79, -9, 2, 174847
-79, -8, 0, 1398101
-79, -8, 1, 1398101
-79, -8, 2, 87461
-79, -7, 0, 1398101
-79, -7, 1, 1398101
-79, -7, 2, 87381
-79, -6, 0, 1398101
-79, -6, 1, 1398101
-79, -6, 2, 87381
-79, -5, 0, 1398101
-79, -5, 1, 1398101
-79, -5, 2, 87381
-79, -4, 0, 1398101
-79, -4, 1, 1398101
-79, -4, 2, 87381
-79, -3, 0, 1398101
-79, -3, 1, 1398101
-79, -3, 2, 87381
-78, -20, 0, 1398101
-78, -20, 1, 1398101
-78, -20, 2, 87381
-78, -19, 0, 1398101
-78, -19, 1, 1398101
-78, -19, 2, 87381
-78, -18, 0, 1398101
-78, -18, 1, 1398101
-78, -18, 2, 87381
-78, -17, 0, 1398101
-78, -17, 1, 1398101
-78, -17, 2, 87381
-78, -16, 0, 1398101
-78, -16, 1, 1398101
-78, -16, 2, 87381
-78, -15, 0, 1398101
-78, -15, 1, 1398101
-78, -15, 2, 87381
-78, -14, 0, 1398101
-78, -14, 1, 1398101
-78, -14, 2, 81925
-78, -13, 0, 1398101
-78, -13, 1, 1398101
-78, -13, 2, 261973
-78, -12, 0, 1398101
-78, -12, 1, 1398101
-78, -12, 2, 21
-78, -11, 0, 1398101
-78, -11, 1, 1398101
-78, -11, 2, 261333
-78, -10, 0, 1398101
-78, -10, 1, 1398101
-78, -10, 2, 262101
-78, -9, 0, 1398101
-78, -9, 1, 4019541
-78, -9, 2, 176127
-78, -8, 0, 1398101
-78, -8, 1, 1398101
-78, -8, 2, 169301
-78, -7, 0, 1398101
-78, -7, 1, 1398101
-78, -7, 2, 87381
-78, -6, 0, 1398101
-78, -6, 1, 1398101
-78, -6, 2, 87381
-78, -5, 0, 1398101
-78, -5, 1, 1398101
-78, -5, 2, 87381
-78, -4, 0, 1398101
-78, -4, 1, 1398101
-78, -4, 2, 87381
-78, -3, 0, 1398101
-78, -3, 1, 1398101
-78, -3, 2, 87381
-77, -20, 0, 1398101
-77, -20, 1, 1398101
-77, -20, 2, 87381
-77, -19, 0, 1398101
-77, -19, 1, 1398101
-77, -19, 2, 87381
-77, -18, 0, 1398101
-77, -18, 1, 1398101
-77, -18, 2, 87381
-77, -17, 0, 1398101
-77, -17, 1, 1398101
-77, -17, 2, 87381
-77, -16, 0, 1398101
-77, -16, 1, 1398101
-77, -16, 2, 87381
-77, -15, 0, 1398101
-77, -15, 1, 1398101
-77, -15, 2, 87381
-77, -14, 0, 1398101
-77, -14, 1, 1398101
-77, -14, 2, 81925
-77, -13, 0, 1398101
-77, -13, 1, 1398101
-77, -13, 2, 261973
-77, -12, 0, 1398101
-77, -12, 1, 1398101
-77, -12, 2, 21
-77, -11, 0, 1398101
-77, -11, 1, 1394037
-77, -11, 2, 258053
-77, -10, 0, 1398101
-77, -10, 1, 1398101
-77, -10, 2, 262101
-77, -9, 0, 1398101
-77, -9, 1, 1414485
-77, -9, 2, 174681
-77, -8, 0, 1398101
-77, -8, 1, 1398101
-77, -8, 2, 174421
-77, -7, 0, 1398101
-77, -7, 1, 1398101
-77, -7, 2, 87381
-77, -6, 0, 1398101
-77, -6, 1, 1398101
-77, -6, 2, 87381
-77, -5, 0, 1398101
-77, -5, 1, 1398101
-77, -5, 2, 87381
-77, -4, 0, 1398101
-77, -4, 1, 1398101
-77, -4, 2, 87381
-77, -3, 0, 1398101
-77, -3, 1, 1398101
-77, -3, 2, 87381
-76, -20, 0, 1398101
-76, -20, 1, 1398101
-76, -20, 2, 87381
-76, -19, 0, 1398101
-76, -19, 1, 1398101
-76, -19, 2, 87381
-76, -18, 0, 1398101
-76, -18, 1, 1398101
-76, -18, 2, 87381
-76, -17, 0, 1398101
-76, -17, 1, 1398101
-76, -17, 2, 87381
-76, -16, 0, 1398101
-76, -16, 1, 1398101
-76, -16, 2, 87381
-76, -15, 0, 1398101
-76, -15, 1, 1398101
-76, -15, 2, 87381
-76, -14, 0, 1398101
-76, -14, 1, 1398101
-76, -14, 2, 81925
-76, -13, 0, 1398101
-76, -13, 1, 1398101
-76, -13, 2, 262101
-76, -12, 0, 1398101
-76, -12, 1, 1398101
-76, -12, 2, 21
-76, -11, 0, 1398101
-76, -11, 1, 1398101
-76, -11, 2, 258053
-76, -10, 0, 1398101
-76, -10, 1, 1406293
-76, -10, 2, 258005
-76, -9, 0, 1398101
-76, -9, 1, 1414485
-76, -9, 2, 195925
-76, -8, 0, 1398101
-76, -8, 1, 1398101
-76, -8, 2, 107861
-76, -7, 0, 1398101
-76, -7, 1, 1398101
-76, -7, 2, 87381
-76, -6, 0, 1398101
-76, -6, 1, 1398101
-76, -6, 2, 87381
-76, -5, 0, 1398101
-76, -5, 1, 1398101
-76, -5, 2, 87381
-76, -4, 0, 1398101
-76, -4, 1, 1398101
-76, -4, 2, 87381
-76, -3, 0, 1398101
-76, -3, 1, 1398101
-76, -3, 2, 87381
-75, -20, 0, 1398101
-75, -20, 1, 1398101
-75, -20, 2, 87381
-75, -19, 0, 1398101
-75, -19, 1, 1398101
-75, -19, 2, 87381
-75, -18, 0, 1398101
-75, -18, 1, 1398101
-75, -18, 2, 87381
-75, -17, 0, 1398101
-75, -17, 1, 1398101
-75, -17, 2, 87381
-75, -16, 0, 1398101
-75, -16, 1, 1398101
-75, -16, 2, 87381
-75, -15, 0, 1398101
-75, -15, 1, 1398101
-75, -15, 2, 87381
-75, -14, 0, 1398101
-75, -14, 1, 1398101
-75, -14, 2, 81925
-75, -13, 0, 1398101
-75, -13, 1, 1398101
-75, -13, 2, 262101
-75, -12, 0, 1398101
-75, -12, 1, 1398101
-75, -12, 2, 21
-75, -11, 0, 1398101
-75, -11, 1, 1398101
-75, -11, 2, 196615
-75, -10, 0, 1398101
-75, -10, 1, 1406325
-75, -10, 2, 175957
-75, -9, 0, 1398101
-75, -9, 1, 1398101
-75, -9, 2, 179813
-75, -8, 0, 1398101
-75, -8, 1, 1398101
-75, -8, 2, 87381
-75, -7, 0, 1398101
-75, -7, 1, 1398101
-75, -7, 2, 87381
-75, -6, 0, 1398101
-75, -6, 1, 1398101
-75, -6, 2, 87381
-75, -5, 0, 1398101
-75, -5, 1, 1398101
-75, -5, 2, 87381
-75, -4, 0, 1398101
-75, -4, 1, 1398101
-75, -4, 2, 87381
-75, -3, 0, 1398101
-75, -3, 1, 1398101
-75, -3, 2, 87381
-74, -20, 0, 1398101
-74, -20, 1, 1398101
-74, -20, 2, 87381
-74, -19, 0, 1398101
-74, -19, 1, 1398101
-74, -19, 2, 87381
-74, -18, 0, 1398101
-74, -18, 1, 1398101
-74, -18, 2, 87381
-74, -17, 0, 1398101
-74, -17, 1, 1398101
-74, -17, 2, 87381
-74, -16, 0, 1398101
-74, -16, 1, 1398101
-74, -16, 2, 87381
-74, -15, 0, 1398101
-74, -15, 1, 1398101
-74, -15, 2, 87381
-74, -14, 0, 1398101
-74, -14, 1, 1398101
-74, -14, 2, 65541
-74, -13, 0, 1398101
-74, -13, 1, 1398101
-74, -13, 2, 262101
-74, -12, 0, 1398101
-74, -12, 1, 1398101
-74, -12, 2, 3093
-74, -11, 0, 1398101
-74, -11, 1, 1398101
-74, -11, 2, 981
-74, -10, 0, 1398101
-74, -10, 1, 1398101
-74, -10, 2, 195157
-74, -9, 0, 1398101
-74, -9, 1, 4027733
-74, -9, 2, 174767
-74, -8, 0, 1398101
-74, -8, 1, 1398101
-74, -8, 2, 87381
-74, -7, 0, 1398101
-74, -7, 1, 1398101
-74, -7, 2, 87381
-74, -6, 0, 1398101
-74, -6, 1, 1398101
-74, -6, 2, 87381
-74, -5, 0, 1398101
-74, -5, 1, 1398101
-74, -5, 2, 87381
-74, -4, 0, 1398101
-74, -4, 1, 1398101
-74, -4, 2, 87381
-74, -3, 0, 1398101
-74, -3, 1, 1398101
-74, -3, 2, 87381
-73, -20, 0, 1398101
-73, -20, 1, 1398101
-73, -20, 2, 87381
-73, -19, 0, 1398101
-73, -19, 1, 1398101
-73, -19, 2, 87381
-73, -18, 0, 1398101
-73, -18, 1, 1398101
-73, -18, 2, 87381
-73, -17, 0, 1398101
-73, -17, 1, 1398101
-73, -17, 2, 87381
-73, -16, 0, 1398101
-73, -16, 1, 1398101
-73, -16, 2, 87381
-73, -15, 0, 1398101
-73, -15, 1, 1398101
-73, -15, 2, 87381
-73, -14, 0, 1398101
-73, -14, 1, 1398101
-73, -14, 2, 65541
-73, -13, 0, 1398101
-73, -13, 1, 1398101
-73, -13, 2, 261973
-73, -12, 0, 1398101
-73, -12, 1, 1398101
-73, -12, 2, 85
-73, -11, 0, 1398101
-73, -11, 1, 1398101
-73, -11, 2, 261893
-73, -10, 0, 1398101
-73, -10, 1, 1406293
-73, -10, 2, 174677
-73, -9, 0, 1398101
-73, -9, 1, 1398101
-73, -9, 2, 174741
-73, -8, 0, 1398101
-73, -8, 1, 1398101
-73, -8, 2, 95573
-73, -7, 0, 1398101
-73, -7, 1, 1398101
-73, -7, 2, 87381
-73, -6, 0, 1398101
-73, -6, 1, 1398101
-73, -6, 2, 87381
-73, -5, 0, 1398101
-73, -5, 1, 1398101
-73, -5, 2, 87381
-73, -4, 0, 1398101
-73, -4, 1, 1398101
-73, -4, 2, 87381
-73, -3, 0, 1398101
-73, -3, 1, 1398101
-73, -3, 2, 87381
-72, -20, 0, 1398101
-72, -20, 1, 1398101
-72, -20, 2, 87381
-72, -19, 0, 1398101
-72, -19, 1, 1398101
-72, -19, 2, 87381
-72, -18, 0, 1398101
-72, -18, 1, 1398101
-72, -18, 2, 87381
-72, -17, 0, 1398101
-72, -17, 1, 1398101
-72, -17, 2, 87381
-72, -16, 0, 1398101
-72, -16, 1, 1398101
-72, -16, 2, 87381
-72, -15, 0, 1398101
-72, -15, 1, 1398101
-72, -15, 2, 87381
-72, -14, 0, 1398101
-72, -14, 1, 1398101
-72, -14, 2, 65541
-72, -13, 0, 1398101
-72, -13, 1, 1398101
-72, -13, 2, 261973
-72, -12, 0, 1398101
-72, -12, 1, 349525
-72, -12, 2, 85
-72, -11, 0, 1398101
-72, -11, 1, 1398101
-72, -11, 2, 200453
-72, -10, 0, 1398101
-72, -10, 1, 1398105
-72, -10, 2, 180183
-72, -9, 0, 1398101
-72, -9, 1, 1398101
-72, -9, 2, 174425
-72, -8, 0, 1398101
-72, -8, 1, 1398101
-72, -8, 2, 87381
-72, -7, 0, 1398101
-72, -7, 1, 1398101
-72, -7, 2, 87381
-72, -6, 0, 1398101
-72, -6, 1, 1398101
-72, -6, 2, 87381
-72, -5, 0, 1398101
-72, -5, 1, 1398101
-72, -5, 2, 87381
-72, -4, 0, 1398101
-72, -4, 1, 1398101
-72, -4, 2, 87381
-72, -3, 0, 1398101
-72, -3, 1, 1398101
-72, -3, 2, 87381
-71, -20, 0, 1398101
-71, -20, 1, 1398101
-71, -20, 2, 87381
-71, -19, 0, 1398101
-71, -19, 1, 1398101
-71, -19, 2, 87381
-71, -18, 0, 1398101
-71, -18, 1, 1398101
-71, -18, 2, 87381
-71, -17, 0, 1398101
-71, -17, 1, 1398101
-71, -17, 2, 87381
-71, -16, 0, 1398101
-71, -16, 1, 1398101
-71, -16, 2, 87381
-71, -15, 0, 1398101
-71, -15, 1, 1398101
-71, -15, 2, 87381
-71, -14, 0, 1398101
-71, -14, 1, 1398101
-71, -14, 2, 5
-71, -13, 0, 1398101
-71, -13, 1, 1398101
-71, -13, 2, 261973
-71, -12, 0, 1398101
-71, -12, 1, 1398101
-71, -12, 2, 69
-71, -11, 0, 1398101
-71, -11, 1, 1397077
-71, -11, 2, 200465
-71, -10, 0, 1398101
-71, -10, 1, 1398101
-71, -10, 2, 256853
-71, -9, 0, 1398101
-71, -9, 1, 1398101
-71, -9, 2, 174421
-71, -8, 0, 1398101
-71, -8, 1, 1398101
-71, -8, 2, 169301
-71, -7, 0, 1398101
-71, -7, 1, 1398101
-71, -7, 2, 87381
-71, -6, 0, 1398101
-71, -6, 1, 1398101
-71, -6, 2, 87381
-71, -5, 0, 1398101
-71, -5, 1, 1398101
-71, -5, 2, 87381
-71, -4, 0, 1398101
-71, -4, 1, 1398101
-71, -4, 2, 87381
-71, -3, 0, 1398101
-71, -3, 1, 1398101
-71, -3, 2, 87381
-70, -20, 0, 1398101
-70, -20, 1, 1398101
-70, -20, 2, 87381
-70, -19, 0, 1398101
-70, -19, 1, 1398101
-70, -19, 2, 87381
-70, -18, 0, 1398101
-70, -18, 1, 1398101
-70, -18, 2, 87381
-70, -17, 0, 1398101
-70, -17, 1, 1398101
-70, -17, 2, 87381
-70, -16, 0, 1398101
-70, -16, 1, 1398101
-70, -16, 2, 87381
-70, -15, 0, 1398101
-70, -15, 1, 1398101
-70, -15, 2, 87381
-70, -14, 0, 1398101
-70, -14, 1, 1398101
-70, -14, 2, 21
-70, -13, 0, 1398101
-70, -13, 1, 1398101
-70, -13, 2, 262101
-70, -12, 0, 1398101
-70, -12, 1, 1398101
-70, -12, 2, 21
-70, -11, 0, 1398101
-70, -11, 1, 1397077
-70, -11, 2, 200469
-70, -10, 0, 1398101
-70, -10, 1, 2446677
-70, -10, 2, 256602
-70, -9, 0, 1398101
-70, -9, 1, 1398105
-70, -9, 2, 174677
-70, -8, 0, 1398101
-70, -8, 1, 1398101
-70, -8, 2, 87381
-70, -7, 0, 1398101
-70, -7, 1, 1398101
-70, -7, 2, 87381
-70, -6, 0, 1398101
-70, -6, 1, 1398101
-70, -6, 2, 87381
-70, -5, 0, 1398101
-70, -5, 1, 1398101
-70, -5, 2, 87381
-70, -4, 0, 1398101
-70, -4, 1, 1398101
-70, -4, 2, 87381
-70, -3, 0, 1398101
-70, -3, 1, 1398101
-70, -3, 2, 87381
-69, -20, 0, 1398101
-69, -20, 1, 1398101
-69, -20, 2, 87381
-69, -19, 0, 1398101
-69, -19, 1, 1398101
-69, -19, 2, 87381
-69, -18, 0, 1398101
-69, -18, 1, 1398101
-69, -18, 2, 87381
-69, -17, 0, 1398101
-69, -17, 1, 1398101
-69, -17, 2, 87381
-69, -16, 0, 1398101
-69, -16, 1, 1398101
-69, -16, 2, 87381
-69, -15, 0, 1398101
-69, -15, 1, 1398101
-69, -15, 2, 87381
-69, -14, 0, 1398101
-69, -14, 1, 1398101
-69, -14, 2, 21
-69, -13, 0, 1398101
-69, -13, 1, 1398101
-69, -13, 2, 262101
-69, -12, 0, 1398101
-69, -12, 1, 349525
-69, -12, 2, 341
-69, -11, 0, 1398101
-69, -11, 1, 1398101
-69, -11, 2, 196629
-69, -10, 0, 1398101
-69, -10, 1, 2446677
-69, -10, 2, 196186
-69, -9, 0, 1398101
-69, -9, 1, 1398101
-69, -9, 2, 174421
-69, -8, 0, 1398101
-69, -8, 1, 1398101
-69, -8, 2, 87381
-69, -7, 0, 1398101
-69, -7, 1, 1398101
-69, -7, 2, 87381
-69, -6, 0, 1398101
-69, -6, 1, 1398101
-69, -6, 2, 87381
-69, -5, 0, 1398101
-69, -5, 1, 1398101
-69, -5, 2, 87381
-69, -4, 0, 1398101
-69, -4, 1, 1398101
-69, -4, 2, 87381
-69, -3, 0, 1398101
-69, -3, 1, 1398101
-69, -3, 2, 87381
-68, -20, 0, 1398101
-68, -20, 1, 1398101
-68, -20, 2, 87381
-68, -19, 0, 1398101
-68, -19, 1, 1398101
-68, -19, 2, 87381
-68, -18, 0, 1398101
-68, -18, 1, 1398101
-68, -18, 2, 87381
-68, -17, 0, 1398101
-68, -17, 1, 1398101
-68, -17, 2, 87381
-68, -16, 0, 1398101
-68, -16, 1, 1398101
-68, -16, 2, 87381
-68, -15, 0, 1398101
-68, -15, 1, 1398101
-68, -15, 2, 87381
-68, -14, 0, 1398101
-68, -14, 1, 1398101
-68, -14, 2, 65557
-68, -13, 0, 1398101
-68, -13, 1, 1398101
-68, -13, 2, 262101
-68, -12, 0, 1398101
-68, -12, 1, 1398101
-68, -12, 2, 341
-68, -11, 0, 1398101
-68, -11, 1, 1398101
-68, -11, 2, 196625
-68, -10, 0, 1398101
-68, -10, 1, 2446677
-68, -10, 2, 261994
-68, -9, 0, 1398101
-68, -9, 1, 1398101
-68, -9, 2, 174681
-68, -8, 0, 1398101
-68, -8, 1, 1398101
-68, -8, 2, 87381
-68, -7, 0, 1398101
-68, -7, 1, 1398101
-68, -7, 2, 87381
-68, -6, 0, 1398101
-68, -6, 1, 1398101
-68, -6, 2, 87381
-68, -5, 0, 1398101
-68, -5, 1, 1398101
-68, -5, 2, 87381
-68, -4, 0, 1398101
-68, -4, 1, 1398101
-68, -4, 2, 87381
-68, -3, 0, 1398101
-68, -3, 1, 1398101
-68, -3, 2, 87381
-67, -20, 0, 1398101
-67, -20, 1, 1398101
-67, -20, 2, 87381
-67, -19, 0, 1398101
-67, -19, 1, 1398101
-67, -19, 2, 87381
-67, -18, 0, 1398101
-67, -18, 1, 1398101
-67, -18, 2, 87381
-67, -17, 0, 1398101
-67, -17, 1, 1398101
-67, -17, 2, 87381
-67, -16, 0, 1398101
-67, -16, 1, 1398101
-67, -16, 2, 87381
-67, -15, 0, 1398101
-67, -15, 1, 1398101
-67, -15, 2, 87381
-67, -14, 0, 1398101
-67, -14, 1, 1398101
-67, -14, 2, 21
-67, -13, 0, 1398101
-67, -13, 1, 1398101
-67, -13, 2, 261973
-67, -12, 0, 1398101
-67, -12, 1, 1398101
-67, -12, 2, 12309
-67, -11, 0, 1398101
-67, -11, 1, 1398101
-67, -11, 2, 208913
-67, -10, 0, 1398101
-67, -10, 1, 2446677
-67, -10, 2, 195930
-67, -9, 0, 1398101
-67, -9, 1, 1398101
-67, -9, 2, 173397
-67, -8, 0, 1398101
-67, -8, 1, 1398101
-67, -8, 2, 87381
-67, -7, 0, 1398101
-67, -7, 1, 1398101
-67, -7, 2, 87381
-67, -6, 0, 1398101
-67, -6, 1, 1398101
-67, -6, 2, 87381
-67, -5, 0, 1398101
-67, -5, 1, 1398101
-67, -5, 2, 87381
-67, -4, 0, 1398101
-67, -4, 1, 1398101
-67, -4, 2, 87381
-67, -3, 0, 1398101
-67, -3, 1, 1398101
-67, -3, 2, 87381
-66, -20, 0, 1398101
-66, -20, 1, 1398101
-66, -20, 2, 87381
-66, -19, 0, 1398101
-66, -19, 1, 1398101
-66, -19, 2, 87381
-66, -18, 0, 1398101
-66, -18, 1, 1398101
-66, -18, 2, 87381
-66, -17, 0, 1398101
-66, -17, 1, 1398101
-66, -17, 2, 87381
-66, -16, 0, 1398101
-66, -16, 1, 1398101
-66, -16, 2, 87381
-66, -15, 0, 1398101
-66, -15, 1, 1398101
-66, -15, 2, 87381
-66, -14, 0, 1398101
-66, -14, 1, 1398101
-66, -14, 2, 85
-66, -13, 0, 1398101
-66, -13, 1, 1398101
-66, -13, 2, 261973
-66, -12, 0, 1398101
-66, -12, 1, 1398101
-66, -12, 2, 12309
-66, -11, 0, 1398101
-66, -11, 1, 1398101
-66, -11, 2, 21
-66, -10, 0, 1398101
-66, -10, 1, 2446677
-66, -10, 2, 195930
-66, -9, 0, 1398101
-66, -9, 1, 1398101
-66, -9, 2, 173397
-66, -8, 0, 1398101
-66, -8, 1, 1398101
-66, -8, 2, 87381
-66, -7, 0, 1398101
-66, -7, 1, 1398101
-66, -7, 2, 87381
-66, -6, 0, 1398101
-66, -6, 1, 1398101
-66, -6, 2, 87381
-66, -5, 0, 1398101
-66, -5, 1, 1398101
-66, -5, 2, 87381
-66, -4, 0, 1398101
-66, -4, 1, 1398101
-66, -4, 2, 87381
-66, -3, 0, 1398101
-66, -3, 1, 1398101
-66, -3, 2, 87381
-65, -20, 0, 1398101
-65, -20, 1, 1398101
-65, -20, 2, 87381
-65, -19, 0, 1398101
-65, -19, 1, 1398101
-65, -19, 2, 87381
-65, -18, 0, 1398101
-65, -18, 1, 1398101
-65, -18, 2, 87381
-65, -17, 0, 1398101
-65, -17, 1, 1398101
-65, -17, 2, 87381
-65, -16, 0, 1398101
-65, -16, 1, 1398101
-65, -16, 2, 87381
-65, -15, 0, 1398101
-65, -15, 1, 1398101
-65, -15, 2, 87381
-65, -14, 0, 1398101
-65, -14, 1, 1398101
-65, -14, 2, 21
-65, -13, 0, 1398101
-65, -13, 1, 1398101
-65, -13, 2, 261973
-65, -12, 0, 1398101
-65, -12, 1, 1398101
-65, -12, 2, 12309
-65, -11, 0, 1398101
-65, -11, 1, 1398101
-65, -11, 2, 85
-65, -10, 0, 1398101
-65, -10, 1, 1398101
-65, -10, 2, 195925
-65, -9, 0, 1398101
-65, -9, 1, 1398101
-65, -9, 2, 173397
-65, -8, 0, 1398101
-65, -8, 1, 1398101
-65, -8, 2, 173397
-65, -7, 0, 1398101
-65, -7, 1, 1398101
-65, -7, 2, 87381
-65, -6, 0, 1398101
-65, -6, 1, 1398101
-65, -6, 2, 87381
-65, -5, 0, 1398101
-65, -5, 1, 1398101
-65, -5, 2, 87381
-65, -4, 0, 1398101
-65, -4, 1, 1398101
-65, -4, 2, 87381
-65, -3, 0, 1398101
-65, -3, 1, 1398101
-65, -3, 2, 87381
-64, -20, 0, 1398101
-64, -20, 1, 1398101
-64, -20, 2, 87381
-64, -19, 0, 1398101
-64, -19, 1, 1398101
-64, -19, 2, 87381
-64, -18, 0, 1398101
-64, -18, 1, 1398101
-64, -18, 2, 87381
-64, -17, 0, 1398101
-64, -17, 1, 1398101
-64, -17, 2, 87381
-64, -16, 0, 1398101
-64, -16, 1, 1398101
-64, -16, 2, 87381
-64, -15, 0, 1398101
-64, -15, 1, 1398101
-64, -15, 2, 87381
-64, -14, 0, 1398101
-64, -14, 1, 1398101
-64, -14, 2, 21
-64, -13, 0, 1398101
-64, -13, 1, 1398101
-64, -13, 2, 262101
-64, -12, 0, 1398101
-64, -12, 1, 1398101
-64, -12, 2, 21
-64, -11, 0, 1398101
-64, -11, 1, 1398101
-64, -11, 2, 15701
-64, -10, 0, 1398101
-64, -10, 1, 1398101
-64, -10, 2, 260437
-64, -9, 0, 1398101
-64, -9, 1, 1398101
-64, -9, 2, 173397
-64, -8, 0, 1398101
-64, -8, 1, 1398101
-64, -8, 2, 173397
-64, -7, 0, 1398101
-64, -7, 1, 1398101
-64, -7, 2, 87381
-64, -6, 0, 1398101
-64, -6, 1, 1398101
-64, -6, 2, 87381
-64, -5, 0, 1398101
-64, -5, 1, 1398101
-64, -5, 2, 87381
-64, -4, 0, 1398101
-64, -4, 1, 1398101
-64, -4, 2, 87381
-64, -3, 0, 1398101
-64, -3, 1, 1398101
-64, -3, 2, 87381
-63, -20, 0, 1398101
-63, -20, 1, 1398101
-63, -20, 2, 87381
-63, -19, 0, 1398101
-63, -19, 1, 1398101
-63, -19, 2, 87381
-63, -18, 0, 1398101
-63, -18, 1, 1398101
-63, -18, 2, 87381
-63, -17, 0, 1398101
-63, -17, 1, 1398101
-63, -17, 2, 87381
-63, -16, 0, 1398101
-63, -16, 1, 1398101
-63, -16, 2, 87381
-63, -15, 0, 1398101
-63, -15, 1, 1398101
-63, -15, 2, 87381
-63, -14, 0, 1398101
-63, -14, 1, 1398101
-63, -14, 2, 21
-63, -13, 0, 1398101
-63, -13, 1, 1398101
-63, -13, 2, 262101
-63, -12, 0, 1398101
-63, -12, 1, 1398101
-63, -12, 2, 21
-63, -11, 0, 1398101
-63, -11, 1, 1398101
-63, -11, 2, 196949
-63, -10, 0, 1398101
-63, -10, 1, 1398101
-63, -10, 2, 260437
-63, -9, 0, 1398101
-63, -9, 1, 1398101
-63, -9, 2, 173397
-63, -8, 0, 1398101
-63, -8, 1, 1398101
-63, -8, 2, 87381
-63, -7, 0, 1398101
-63, -7, 1, 1398101
-63, -7, 2, 87381
-63, -6, 0, 1398101
-63, -6, 1, 1398101
-63, -6, 2, 87381
-63, -5, 0, 1398101
-63, -5, 1, 1398101
-63, -5, 2, 87381
-63, -4, 0, 1398101
-63, -4, 1, 1398101
-63, -4, 2, 87381
-63, -3, 0, 1398101
-63, -3, 1, 1398101
-63, -3, 2, 87381
-62, -20, 0, 1398101
-62, -20, 1, 1398101
-62, -20, 2, 87381
-62, -19, 0, 1398101
-62, -19, 1, 1398101
-62, -19, 2, 87381
-62, -18, 0, 1398101
-62, -18, 1, 1398101
-62, -18, 2, 87381
-62, -17, 0, 1398101
-62, -17, 1, 1398101
-62, -17, 2, 87381
-62, -16, 0, 1398101
-62, -16, 1, 1398101
-62, -16, 2, 87381
-62, -15, 0, 1398101
-62, -15, 1, 1398101
-62, -15, 2, 87381
-62, -14, 0, 1398101
-62, -14, 1, 1398101
-62, -14, 2, 21
-62, -13, 0, 1398101
-62, -13, 1, 1398101
-62, -13, 2, 262101
-62, -12, 0, 1398101
-62, -12, 1, 1398101
-62, -12, 2, 341
-62, -11, 0, 1398101
-62, -11, 1, 1398101
-62, -11, 2, 196693
-62, -10, 0, 1398101
-62, -10, 1, 1398101
-62, -10, 2, 194901
-62, -9, 0, 1398101
-62, -9, 1, 1398101
-62, -9, 2, 173397
-62, -8, 0, 1398101
-62, -8, 1, 1398101
-62, -8, 2, 87381
-62, -7, 0, 1398101
-62, -7, 1, 1398101
-62, -7, 2, 87381
-62, -6, 0, 1398101
-62, -6, 1, 1398101
-62, -6, 2, 87381
-62, -5, 0, 1398101
-62, -5, 1, 1398101
-62, -5, 2, 87381
-62, -4, 0, 1398101
-62, -4, 1, 1398101
-62, -4, 2, 87381
-62, -3, 0, 1398101
-62, -3, 1, 1398101
-62, -3, 2, 87381
-61, -20, 0, 1398101
-61, -20, 1, 1398101
-61, -20, 2, 87381
-61, -19, 0, 1398101
-61, -19, 1, 1398101
-61, -19, 2, 87381
-61, -18, 0, 1398101
-61, -18, 1, 1398101
-61, -18, 2, 87381
-61, -17, 0, 1398101
-61, -17, 1, 1398101
-61, -17, 2, 87381
-61, -16, 0, 1398101
-61, -16, 1, 1398101
-61, -16, 2, 87381
-61, -15, 0, 1398101
-61, -15, 1, 1398101
-61, -15, 2, 87381
-61, -14, 0, 1398101
-61, -14, 1, 1398101
-61, -14, 2, 21
-61, -13, 0, 1398101
-61, -13, 1, 1398101
-61, -13, 2, 261973
-61, -12, 0, 1398101
-61, -12, 1, 1398101
-61, -12, 2, 341
-61, -11, 0, 1398101
-61, -11, 1, 1398101
-61, -11, 2, 85
-61, -10, 0, 1398101
-61, -10, 1, 1398101
-61, -10, 2, 195925
-61, -9, 0, 1398101
-61, -9, 1, 1398101
-61, -9, 2, 173397
-61, -8, 0, 1398101
-61, -8, 1, 1398101
-61, -8, 2, 87381
-61, -7, 0, 1398101
-61, -7, 1, 1398101
-61, -7, 2, 87381
-61, -6, 0, 1398101
-61, -6, 1, 1398101
-61, -6, 2, 87381
-61, -5, 0, 1398101
-61, -5, 1, 1398101
-61, -5, 2, 87381
-61, -4, 0, 1398101
-61, -4, 1, 1398101
-61, -4, 2, 87381
-61, -3, 0, 1398101
-61, -3, 1, 1398101
-61, -3, 2, 87381
-60, -20, 0, 1398101
-60, -20, 1, 1398101
-60, -20, 2, 87381
-60, -19, 0, 1398101
-60, -19, 1, 1398101
-60, -19, 2, 87381
-60, -18, 0, 1398101
-60, -18, 1, 1398101
-60, -18, 2, 87381
-60, -17, 0, 1398101
-60, -17, 1, 1398101
-60, -17, 2, 87381
-60, -16, 0, 1398101
-60, -16, 1, 1398101
-60, -16, 2, 87381
-60, -15, 0, 1398101
-60, -15, 1, 1398101
-60, -15, 2, 87381
-60, -14, 0, 1398101
-60, -14, 1, 1398101
-60, -14, 2, 21
-60, -13, 0, 1398101
-60, -13, 1, 1398101
-60, -13, 2, 261973
-60, -12, 0, 1398101
-60, -12, 1, 1398101
-60, -12, 2, 85
-60, -11, 0, 1398101
-60, -11, 1, 1398101
-60, -11, 2, 85
-60, -10, 0, 1398101
-60, -10, 1, 1398101
-60, -10, 2, 195925
-60, -9, 0, 1398101
-60, -9, 1, 1398101
-60, -9, 2, 173397
-60, -8, 0, 1398101
-60, -8, 1, 1398101
-60, -8, 2, 87381
-60, -7, 0, 1398101
-60, -7, 1, 1398101
-60, -7, 2, 87381
-60, -6, 0, 1398101
-60, -6, 1, 1398101
-60, -6, 2, 87381
-60, -5, 0, 1398101
-60, -5, 1, 1398101
-60, -5, 2, 87381
-60, -4, 0, 1398101
-60, -4, 1, 1398101
-60, -4, 2, 87381
-60, -3, 0, 1398101
-60, -3, 1, 1398101
-60, -3, 2, 87381
-59, -20, 0, 1398101
-59, -20, 1, 1398101
-59, -20, 2, 87381
-59, -19, 0, 1398101
-59, -19, 1, 1398101
-59, -19, 2, 87381
-59, -18, 0, 1398101
-59, -18, 1, 1398101
-59, -18, 2, 87381
-59, -17, 0, 1398101
-59, -17, 1, 1398101
-59, -17, 2, 87381
-59, -16, 0, 1398101
-59, -16, 1, 1398101
-59, -16, 2, 87381
-59, -15, 0, 1398101
-59, -15, 1, 1398101
-59, -15, 2, 87381
-59, -14, 0, 1398101
-59, -14, 1, 1398101
-59, -14, 2, 85
-59, -13, 0, 1398101
-59, -13, 1, 1398101
-59, -13, 2, 261973
-59, -12, 0, 1398101
-59, -12, 1, 1398101
-59, -12, 2, 21
-59, -11, 0, 1398101
-59, -11, 1, 1398101
-59, -11, 2, 85
-59, -10, 0, 1439061
-59, -10, 1, 1398101
-59, -10, 2, 261461
-59, -9, 0, 1398101
-59, -9, 1, 1398101
-59, -9, 2, 173397
-59, -8, 0, 1398101
-59, -8, 1, 1398101
-59, -8, 2, 173397
-59, -7, 0, 1398101
-59, -7, 1, 1398101
-59, -7, 2, 87381
-59, -6, 0, 1398101
-59, -6, 1, 1398101
-59, -6, 2, 87381
-59, -5, 0, 1398101
-59, -5, 1, 1398101
-59, -5, 2, 87381
-59, -4, 0, 1398101
-59, -4, 1, 1398101
-59, -4, 2, 87381
-59, -3, 0, 1398101
-59, -3, 1, 1398101
-59, -3, 2, 87381
-58, -20, 0, 1398101
-58, -20, 1, 1398101
-58, -20, 2, 87381
-58, -19, 0, 1398101
-58, -19, 1, 1398101
-58, -19, 2, 87381
-58, -18, 0, 1398101
-58, -18, 1, 1398101
-58, -18, 2, 87381
-58, -17, 0, 1398101
-58, -17, 1, 1398101
-58, -17, 2, 87381
-58, -16, 0, 1398101
-58, -16, 1, 1398101
-58, -16, 2, 87381
-58, -15, 0, 1398101
-58, -15, 1, 1398101
-58, -15, 2, 87381
-58, -14, 0, 1398101
-58, -14, 1, 1398101
-58, -14, 2, 85
-58, -13, 0, 1398101
-58, -13, 1, 1398101
-58, -13, 2, 261973
-58, -12, 0, 1398101
-58, -12, 1, 1398081
-58, -12, 2, 196613
-58, -11, 0, 1398101
-58, -11, 1, 87381
-58, -11, 2, 21
-58, -10, 0, 1572181
-58, -10, 1, 1398101
-58, -10, 2, 261461
-58, -9, 0, 1398101
-58, -9, 1, 1398101
-58, -9, 2, 173397
-58, -8, 0, 1398101
-58, -8, 1, 1398101
-58, -8, 2, 173397
-58, -7, 0, 1398101
-58, -7, 1, 1398101
-58, -7, 2, 87381
-58, -6, 0, 1398101
-58, -6, 1, 1398101
-58, -6, 2, 87381
-58, -5, 0, 1398101
-58, -5, 1, 1398101
-58, -5, 2, 87381
-58, -4, 0, 1398101
-58, -4, 1, 1398101
-58, -4, 2, 87381
-58, -3, 0, 1398101
-58, -3, 1, 1398101
-58, -3, 2, 87381
-57, -20, 0, 1398101
-57, -20, 1, 1398101
-57, -20, 2, 87381
-57, -19, 0, 1398101
-57, -19, 1, 1398101
-57, -19, 2, 87381
-57, -18, 0, 1398101
-57, -18, 1, 1398101
-57, -18, 2, 87381
-57, -17, 0, 1398101
-57, -17, 1, 1398101
-57, -17, 2, 87381
-57, -16, 0, 1398101
-57, -16, 1, 1398101
-57, -16, 2, 87381
-57, -15, 0, 1398101
-57, -15, 1, 1398101
-57, -15, 2, 87381
-57, -14, 0, 1398101
-57, -14, 1, 1398101
-57, -14, 2, 85
-57, -13, 0, 1398101
-57, -13, 1, 1398101
-57, -13, 2, 261973
-57, -12, 0, 1398101
-57, -12, 1, 1398016
-57, -12, 2, 5
-57, -11, 0, 1398101
-57, -11, 1, 21845
-57, -11, 2, 196628
-57, -10, 0, 1572181
-57, -10, 1, 1398101
-57, -10, 2, 179541
-57, -9, 0, 1398101
-57, -9, 1, 1398101
-57, -9, 2, 173397
-57, -8, 0, 1398101
-57, -8, 1, 1398101
-57, -8, 2, 87381
-57, -7, 0, 1398101
-57, -7, 1, 1398101
-57, -7, 2, 87381
-57, -6, 0, 1398101
-57, -6, 1, 1398101
-57, -6, 2, 87381
-57, -5, 0, 1398101
-57, -5, 1, 1398101
-57, -5, 2, 87381
-57, -4, 0, 1398101
-57, -4, 1, 1398101
-57, -4, 2, 87381
-57, -3, 0, 1398101
-57, -3, 1, 1398101
-57, -3, 2, 87381
-56, -20, 0, 1398101
-56, -20, 1, 1398101
-56, -20, 2, 87381
-56, -19, 0, 1398101
-56, -19, 1, 1398101
-56, -19, 2, 87381
-56, -18, 0, 1398101
-56, -18, 1, 1398101
-56, -18, 2, 87381
-56, -17, 0, 1398101
-56, -17, 1, 1398101
-56, -17, 2, 87381
-56, -16, 0, 1398101
-56, -16, 1, 1398101
-56, -16, 2, 87381
-56, -15, 0, 1398101
-56, -15, 1, 1398101
-56, -15, 2, 87381
-56, -14, 0, 1398101
-56, -14, 1, 1398101
-56, -14, 2, 85
-56, -13, 0, 1398101
-56, -13, 1, 1398101
-56, -13, 2, 261461
-56, -12, 0, 1398101
-56, -12, 1, 1398016
-56, -12, 2, 5
-56, -11, 0, 1398101
-56, -11, 1, 21845
-56, -11, 2, 196628
-56, -10, 0, 1572181
-56, -10, 1, 1398101
-56, -10, 2, 195925
-56, -9, 0, 1398101
-56, -9, 1, 1398101
-56, -9, 2, 173397
-56, -8, 0, 1398101
-56, -8, 1, 1398101
-56, -8, 2, 87381
-56, -7, 0, 1398101
-56, -7, 1, 1398101
-56, -7, 2, 87381
-56, -6, 0, 1398101
-56, -6, 1, 1398101
-56, -6, 2, 87381
-56, -5, 0, 1398101
-56, -5, 1, 1398101
-56, -5, 2, 87381
-56, -4, 0, 1398101
-56, -4, 1, 1398101
-56, -4, 2, 87381
-56, -3, 0, 1398101
-56, -3, 1, 1398101
-56, -3, 2, 87381
-55, -20, 0, 1398101
-55, -20, 1, 1398101
-55, -20, 2, 87381
-55, -19, 0, 1398101
-55, -19, 1, 1398101
-55, -19, 2, 87381
-55, -18, 0, 1398101
-55, -18, 1, 1398101
-55, -18, 2, 87381
-55, -17, 0, 1398101
-55, -17, 1, 1398101
-55, -17, 2, 87381
-55, -16, 0, 1398101
-55, -16, 1, 1398101
-55, -16, 2, 87381
-55, -15, 0, 1398101
-55, -15, 1, 1398101
-55, -15, 2, 87381
-55, -14, 0, 1398101
-55, -14, 1, 1398101
-55, -14, 2, 85
-55, -13, 0, 1398101
-55, -13, 1, 1398101
-55, -13, 2, 130389
-55, -12, 0, 1398101
-55, -12, 1, 1398016
-55, -12, 2, 5
-55, -11, 0, 1398101
-55, -11, 1, 21845
-55, -11, 2, 20
-55, -10, 0, 1441109
-55, -10, 1, 1398101
-55, -10, 2, 259413
-55, -9, 0, 1398101
-55, -9, 1, 1398101
-55, -9, 2, 173397
-55, -8, 0, 1398101
-55, -8, 1, 1398101
-55, -8, 2, 87381
-55, -7, 0, 1398101
-55, -7, 1, 1398101
-55, -7, 2, 87381
-55, -6, 0, 1398101
-55, -6, 1, 1398101
-55, -6, 2, 87381
-55, -5, 0, 1398101
-55, -5, 1, 1398101
-55, -5, 2, 87381
-55, -4, 0, 1398101
-55, -4, 1, 1398101
-55, -4, 2, 87381
-55, -3, 0, 1398101
-55, -3, 1, 1398101
-55, -3, 2, 87381
-54, -20, 0, 1398101
-54, -20, 1, 1398101
-54, -20, 2, 87381
-54, -19, 0, 1398101
-54, -19, 1, 1398101
-54, -19, 2, 87381
-54, -18, 0, 1398101
-54, -18, 1, 1398101
-54, -18, 2, 87381
-54, -17, 0, 1398101
-54, -17, 1, 1398101
-54, -17, 2, 87381
-54, -16, 0, 1398101
-54, -16, 1, 1398101
-54, -16, 2, 87381
-54, -15, 0, 1398101
-54, -15, 1, 1398101
-54, -15, 2, 87381
-54, -14, 0, 1398101
-54, -14, 1, 1398101
-54, -14, 2, 85
-54, -13, 0, 1398101
-54, -13, 1, 1398101
-54, -13, 2, 87381
-54, -12, 0, 1398101
-54, -12, 1, 1398081
-54, -12, 2, 5
-54, -11, 0, 1398101
-54, -11, 1, 87381
-54, -11, 2, 85
-54, -10, 0, 1398101
-54, -10, 1, 1398101
-54, -10, 2, 259413
-54, -9, 0, 1398101
-54, -9, 1, 1398101
-54, -9, 2, 173397
-54, -8, 0, 1398101
-54, -8, 1, 1398101
-54, -8, 2, 87381
-54, -7, 0, 1398101
-54, -7, 1, 1398101
-54, -7, 2, 87381
-54, -6, 0, 1398101
-54, -6, 1, 1398101
-54, -6, 2, 87381
-54, -5, 0, 1398101
-54, -5, 1, 1398101
-54, -5, 2, 87381
-54, -4, 0, 1398101
-54, -4, 1, 1398101
-54, -4, 2, 87381
-54, -3, 0, 1398101
-54, -3, 1, 1398101
-54, -3, 2, 87381
-53, -20, 0, 1398101
-53, -20, 1, 1398101
-53, -20, 2, 87381
-53, -19, 0, 1398101
-53, -19, 1, 1398101
-53, -19, 2, 87381
-53, -18, 0, 1398101
-53, -18, 1, 1398101
-53, -18, 2, 87381
-53, -17, 0, 1398101
-53, -17, 1, 1398101
-53, -17, 2, 87381
-53, -16, 0, 1398101
-53, -16, 1, 1398101
-53, -16, 2, 87381
-53, -15, 0, 1398101
-53, -15, 1, 1398101
-53, -15, 2, 87381
-53, -14, 0, 1398101
-53, -14, 1, 1398101
-53, -14, 2, 65621
-53, -13, 0, 1398101
-53, -13, 1, 1398101
-53, -13, 2, 87381
-53, -12, 0, 1398101
-53, -12, 1, 1398101
-53, -12, 2, 82005
-53, -11, 0, 1398101
-53, -11, 1, 1398101
-53, -11, 2, 85
-53, -10, 0, 1398101
-53, -10, 1, 1398101
-53, -10, 2, 259413
-53, -9, 0, 1398101
-53, -9, 1, 1398101
-53, -9, 2, 173397
-53, -8, 0, 1398101
-53, -8, 1, 1398101
-53, -8, 2, 87381
-53, -7, 0, 1398101
-53, -7, 1, 1398101
-53, -7, 2, 87381
-53, -6, 0, 1398101
-53, -6, 1, 1398101
-53, -6, 2, 87381
-53, -5, 0, 1398101
-53, -5, 1, 1398101
-53, -5, 2, 87381
-53, -4, 0, 1398101
-53, -4, 1, 1398101
-53, -4, 2, 87381
-53, -3, 0, 1398101
-53, -3, 1, 1398101
-53, -3, 2, 87381
-52, -20, 0, 1398101
-52, -20, 1, 1398101
-52, -20, 2, 87381
-52, -19, 0, 1398101
-52, -19, 1, 1398101
-52, -19, 2, 87381
-52, -18, 0, 1398101
-52, -18, 1, 1398101
-52, -18, 2, 87381
-52, -17, 0, 1398101
-52, -17, 1, 1398101
-52, -17, 2, 87381
-52, -16, 0, 1398101
-52, -16, 1, 1398101
-52, -16, 2, 87381
-52, -15, 0, 1398101
-52, -15, 1, 1398101
-52, -15, 2, 87381
-52, -14, 0, 1398101
-52, -14, 1, 1398101
-52, -14, 2, 87381
-52, -13, 0, 1398101
-52, -13, 1, 1398101
-52, -13, 2, 87381
-52, -12, 0, 1398101
-52, -12, 1, 1398101
-52, -12, 2, 87381
-52, -11, 0, 1398101
-52, -11, 1, 1398101
-52, -11, 2, 87381
-52, -10, 0, 1398101
-52, -10, 1, 1398101
-52, -10, 2, 87381
-52, -9, 0, 1398101
-52, -9, 1, 1398101
-52, -9, 2, 173397
-52, -8, 0, 1398101
-52, -8, 1, 1398101
-52, -8, 2, 87381
-52, -7, 0, 1398101
-52, -7, 1, 1398101
-52, -7, 2, 87381
-52, -6, 0, 1398101
-52, -6, 1, 1398101
-52, -6, 2, 87381
-52, -5, 0, 1398101
-52, -5, 1, 1398101
-52, -5, 2, 87381
-52, -4, 0, 1398101
-52, -4, 1, 1398101
-52, -4, 2, 87381
-52, -3, 0, 1398101
-52, -3, 1, 1398101
-52, -3, 2, 87381
-51, -20, 0, 1398101
-51, -20, 1, 1398101
-51, -20, 2, 87381
-51, -19, 0, 1398101
-51, -19, 1, 1398101
-51, -19, 2, 87381
-51, -18, 0, 1398101
-51, -18, 1, 1398101
-51, -18, 2, 87381
-51, -17, 0, 1398101
-51, -17, 1, 1398101
-51, -17, 2, 87381
-51, -16, 0, 1398101
-51, -16, 1, 1398101
-51, -16, 2, 87381
-51, -15, 0, 1398101
-51, -15, 1, 1398101
-51, -15, 2, 87381
-51, -14, 0, 1398101
-51, -14, 1, 1398101
-51, -14, 2, 87381
-51, -13, 0, 1398101
-51, -13, 1, 1398101
-51, -13, 2, 87381
-51, -12, 0, 1398101
-51, -12, 1, 1398101
-51, -12, 2, 87381
-51, -11, 0, 1398101
-51, -11, 1, 1398101
-51, -11, 2, 87381
-51, -10, 0, 1398101
-51, -10, 1, 1398101
-51, -10, 2, 87381
-51, -9, 0, 1398101
-51, -9, 1, 1398101
-51, -9, 2, 173397
-51, -8, 0, 1398101
-51, -8, 1, 1398101
-51, -8, 2, 87381
-51, -7, 0, 1398101
-51, -7, 1, 1398101
-51, -7, 2, 87381
-51, -6, 0, 1398101
-51, -6, 1, 1398101
-51, -6, 2, 87381
-51, -5, 0, 1398101
-51, -5, 1, 1398101
-51, -5, 2, 87381
-51, -4, 0, 1398101
-51, -4, 1, 1398101
-51, -4, 2, 87381
-51, -3, 0, 1398101
-51, -3, 1, 1398101
-51, -3, 2, 87381
-50, -20, 0, 1398101
-50, -20, 1, 1398101
-50, -20, 2, 87381
-50, -19, 0, 1398101
-50, -19, 1, 1398101
-50, -19, 2, 87381
-50, -18, 0, 1398101
-50, -18, 1, 1398101
-50, -18, 2, 87381
-50, -17, 0, 1398101
-50, -17, 1, 1398101
-50, -17, 2, 87381
-50, -16, 0, 1398101
-50, -16, 1, 1398101
-50, -16, 2, 87381
-50, -15, 0, 1398101
-50, -15, 1, 1398101
-50, -15, 2, 87381
-50, -14, 0, 1398101
-50, -14, 1, 1398101
-50, -14, 2, 87381
-50, -13, 0, 1398101
-50, -13, 1, 1398101
-50, -13, 2, 87381
-50, -12, 0, 1398101
-50, -12, 1, 1398101
-50, -12, 2, 87381
-50, -11, 0, 1398101
-50, -11, 1, 1398101
-50, -11, 2, 87381
-50, -10, 0, 1398101
-50, -10, 1, 1398101
-50, -10, 2, 87381
-50, -9, 0, 1398101
-50, -9, 1, 1398101
-50, -9, 2, 173397
-50, -8, 0, 1398101
-50, -8, 1, 1398101
-50, -8, 2, 87381
-50, -7, 0, 1398101
-50, -7, 1, 1398101
-50, -7, 2, 87381
-50, -6, 0, 1398101
-50, -6, 1, 1398101
-50, -6, 2, 87381
-50, -5, 0, 1398101
-50, -5, 1, 1398101
-50, -5, 2, 87381
-50, -4, 0, 1398101
-50, -4, 1, 1398101
-50, -4, 2, 87381
-50, -3, 0, 1398101
-50, -3, 1, 1398101
-50, -3, 2, 87381
